Year,Crude_oil_average,Natural_gas_US,Cocoa,Coffee_Arabica,Tea_avg,Zinc,Gold,Platinum,Silver
1/1/1960,$1.63 ,$0.14 ,$0.63 ,$0.94 ,$1.03 ,$260.80 ,$35.27 ,$83.50 ,$0.91 
2/1/1960,$1.63 ,$0.14 ,$0.61 ,$0.95 ,$1.03 ,$244.90 ,$35.27 ,$83.50 ,$0.91 
3/1/1960,$1.63 ,$0.14 ,$0.58 ,$0.93 ,$1.03 ,$248.70 ,$35.27 ,$83.50 ,$0.91 
4/1/1960,$1.63 ,$0.14 ,$0.60 ,$0.93 ,$1.03 ,$254.60 ,$35.27 ,$83.50 ,$0.91 
5/1/1960,$1.63 ,$0.14 ,$0.60 ,$0.92 ,$1.03 ,$253.80 ,$35.27 ,$83.50 ,$0.91 
6/1/1960,$1.63 ,$0.14 ,$0.59 ,$0.91 ,$1.03 ,$249.80 ,$35.27 ,$83.50 ,$0.91 
7/1/1960,$1.63 ,$0.14 ,$0.60 ,$0.92 ,$1.03 ,$248.70 ,$35.27 ,$83.50 ,$0.91 
8/1/1960,$1.63 ,$0.14 ,$0.59 ,$0.93 ,$1.03 ,$241.00 ,$35.27 ,$83.50 ,$0.91 
9/1/1960,$1.63 ,$0.14 ,$0.58 ,$0.92 ,$1.03 ,$240.10 ,$35.27 ,$83.50 ,$0.91 
10/1/1960,$1.63 ,$0.14 ,$0.59 ,$0.92 ,$1.03 ,$242.30 ,$35.27 ,$83.50 ,$0.91 
11/1/1960,$1.63 ,$0.14 ,$0.57 ,$0.91 ,$1.03 ,$241.40 ,$35.27 ,$83.50 ,$0.91 
12/1/1960,$1.63 ,$0.14 ,$0.52 ,$0.90 ,$1.03 ,$228.20 ,$35.27 ,$83.50 ,$0.91 
1/1/1961,$1.57 ,$0.15 ,$0.49 ,$0.91 ,$0.95 ,$218.00 ,$35.25 ,$83.50 ,$0.91 
2/1/1961,$1.57 ,$0.15 ,$0.49 ,$0.92 ,$0.95 ,$228.20 ,$35.25 ,$83.50 ,$0.91 
3/1/1961,$1.57 ,$0.15 ,$0.46 ,$0.91 ,$0.95 ,$233.20 ,$35.25 ,$83.50 ,$0.91 
4/1/1961,$1.57 ,$0.15 ,$0.44 ,$0.90 ,$0.95 ,$231.30 ,$35.25 ,$83.50 ,$0.91 
5/1/1961,$1.57 ,$0.15 ,$0.48 ,$0.89 ,$0.95 ,$227.10 ,$35.25 ,$83.50 ,$0.91 
6/1/1961,$1.57 ,$0.15 ,$0.49 ,$0.89 ,$0.95 ,$217.80 ,$35.25 ,$83.50 ,$0.91 
7/1/1961,$1.57 ,$0.15 ,$0.48 ,$0.89 ,$0.95 ,$214.70 ,$35.25 ,$83.50 ,$0.91 
8/1/1961,$1.57 ,$0.15 ,$0.48 ,$0.89 ,$0.95 ,$210.80 ,$35.25 ,$83.50 ,$0.91 
9/1/1961,$1.57 ,$0.15 ,$0.47 ,$0.89 ,$0.95 ,$203.70 ,$35.25 ,$83.50 ,$0.91 
10/1/1961,$1.57 ,$0.15 ,$0.46 ,$0.89 ,$0.95 ,$198.20 ,$35.25 ,$83.50 ,$0.91 
11/1/1961,$1.57 ,$0.15 ,$0.48 ,$0.88 ,$0.95 ,$191.80 ,$35.25 ,$83.50 ,$0.92 
12/1/1961,$1.57 ,$0.15 ,$0.54 ,$0.88 ,$0.95 ,$196.90 ,$35.25 ,$83.50 ,$1.03 
1/1/1962,$1.52 ,$0.16 ,$0.46 ,$0.88 ,$0.97 ,$193.60 ,$35.23 ,$83.50 ,$1.04 
2/1/1962,$1.52 ,$0.16 ,$0.49 ,$0.88 ,$0.97 ,$189.60 ,$35.23 ,$83.50 ,$1.02 
3/1/1962,$1.52 ,$0.16 ,$0.44 ,$0.86 ,$0.97 ,$191.40 ,$35.23 ,$83.50 ,$1.02 
4/1/1962,$1.52 ,$0.16 ,$0.46 ,$0.85 ,$0.97 ,$191.40 ,$35.23 ,$83.50 ,$1.02 
5/1/1962,$1.52 ,$0.16 ,$0.47 ,$0.83 ,$0.97 ,$188.50 ,$35.23 ,$83.50 ,$1.02 
6/1/1962,$1.52 ,$0.16 ,$0.47 ,$0.80 ,$0.97 ,$184.70 ,$35.23 ,$83.50 ,$1.02 
7/1/1962,$1.52 ,$0.16 ,$0.46 ,$0.81 ,$0.97 ,$182.10 ,$35.23 ,$83.50 ,$1.04 
8/1/1962,$1.52 ,$0.16 ,$0.46 ,$0.82 ,$0.97 ,$178.10 ,$35.23 ,$83.50 ,$1.08 
9/1/1962,$1.52 ,$0.16 ,$0.45 ,$0.83 ,$0.97 ,$176.60 ,$35.23 ,$83.50 ,$1.15 
10/1/1962,$1.52 ,$0.16 ,$0.44 ,$0.81 ,$0.97 ,$181.90 ,$35.23 ,$83.50 ,$1.21 
11/1/1962,$1.52 ,$0.16 ,$0.44 ,$0.81 ,$0.97 ,$188.50 ,$35.23 ,$83.50 ,$1.19 
12/1/1962,$1.52 ,$0.16 ,$0.45 ,$0.82 ,$0.97 ,$184.70 ,$35.23 ,$83.50 ,$1.20 
1/1/1963,$1.50 ,$0.16 ,$0.50 ,$0.83 ,$0.95 ,$186.30 ,$35.09 ,$83.50 ,$1.24 
2/1/1963,$1.50 ,$0.16 ,$0.54 ,$0.80 ,$0.95 ,$191.60 ,$35.09 ,$83.50 ,$1.26 
3/1/1963,$1.50 ,$0.16 ,$0.53 ,$0.81 ,$0.95 ,$197.50 ,$35.09 ,$83.50 ,$1.27 
4/1/1963,$1.50 ,$0.16 ,$0.56 ,$0.81 ,$0.95 ,$204.40 ,$35.09 ,$78.50 ,$1.27 
5/1/1963,$1.50 ,$0.16 ,$0.61 ,$0.80 ,$0.95 ,$209.40 ,$35.09 ,$78.50 ,$1.28 
6/1/1963,$1.50 ,$0.16 ,$0.56 ,$0.80 ,$0.95 ,$209.20 ,$35.09 ,$78.50 ,$1.28 
7/1/1963,$1.50 ,$0.16 ,$0.52 ,$0.81 ,$0.95 ,$204.80 ,$35.09 ,$78.50 ,$1.29 
8/1/1963,$1.50 ,$0.16 ,$0.52 ,$0.80 ,$0.95 ,$210.30 ,$35.09 ,$78.95 ,$1.29 
9/1/1963,$1.50 ,$0.16 ,$0.55 ,$0.80 ,$0.95 ,$211.20 ,$35.09 ,$80.75 ,$1.29 
10/1/1963,$1.50 ,$0.16 ,$0.58 ,$0.80 ,$0.95 ,$220.90 ,$35.09 ,$80.50 ,$1.29 
11/1/1963,$1.50 ,$0.16 ,$0.57 ,$0.81 ,$0.95 ,$231.50 ,$35.09 ,$82.97 ,$1.29 
12/1/1963,$1.50 ,$0.16 ,$0.57 ,$0.80 ,$0.95 ,$261.00 ,$35.09 ,$83.50 ,$1.29 
1/1/1964,$1.45 ,$0.15 ,$0.55 ,$0.93 ,$0.93 ,$264.10 ,$35.10 ,$88.27 ,$1.29 
2/1/1964,$1.45 ,$0.15 ,$0.51 ,$0.94 ,$0.93 ,$270.50 ,$35.10 ,$88.50 ,$1.29 
3/1/1964,$1.45 ,$0.15 ,$0.51 ,$1.04 ,$0.93 ,$277.10 ,$35.10 ,$88.50 ,$1.29 
4/1/1964,$1.45 ,$0.15 ,$0.48 ,$1.00 ,$0.93 ,$298.70 ,$35.10 ,$88.50 ,$1.29 
5/1/1964,$1.45 ,$0.15 ,$0.48 ,$1.02 ,$0.93 ,$343.00 ,$35.10 ,$88.50 ,$1.29 
6/1/1964,$1.45 ,$0.15 ,$0.50 ,$1.01 ,$0.93 ,$357.10 ,$35.10 ,$88.50 ,$1.29 
7/1/1964,$1.45 ,$0.15 ,$0.51 ,$1.02 ,$0.93 ,$385.10 ,$35.10 ,$88.50 ,$1.29 
8/1/1964,$1.45 ,$0.15 ,$0.50 ,$1.05 ,$0.93 ,$345.20 ,$35.10 ,$88.50 ,$1.29 
9/1/1964,$1.45 ,$0.15 ,$0.51 ,$1.04 ,$0.93 ,$355.10 ,$35.10 ,$88.50 ,$1.29 
10/1/1964,$1.45 ,$0.15 ,$0.51 ,$1.04 ,$0.93 ,$334.40 ,$35.10 ,$88.50 ,$1.29 
11/1/1964,$1.45 ,$0.15 ,$0.52 ,$1.03 ,$0.93 ,$344.60 ,$35.10 ,$88.50 ,$1.29 
12/1/1964,$1.45 ,$0.15 ,$0.50 ,$1.01 ,$0.93 ,$343.00 ,$35.10 ,$88.50 ,$1.29 
1/1/1965,$1.42 ,$0.16 ,$0.47 ,$1.01 ,$1.00 ,$322.30 ,$35.12 ,$93.00 ,$1.29 
2/1/1965,$1.42 ,$0.16 ,$0.42 ,$1.04 ,$1.00 ,$320.30 ,$35.12 ,$98.50 ,$1.29 
3/1/1965,$1.42 ,$0.16 ,$0.35 ,$0.99 ,$1.00 ,$315.90 ,$35.12 ,$98.50 ,$1.29 
4/1/1965,$1.42 ,$0.16 ,$0.35 ,$0.97 ,$1.00 ,$315.90 ,$35.12 ,$98.50 ,$1.29 
5/1/1965,$1.42 ,$0.16 ,$0.33 ,$0.96 ,$1.00 ,$323.40 ,$35.12 ,$98.50 ,$1.29 
6/1/1965,$1.42 ,$0.16 ,$0.29 ,$0.98 ,$1.00 ,$314.40 ,$35.12 ,$98.50 ,$1.29 
7/1/1965,$1.42 ,$0.16 ,$0.26 ,$0.98 ,$1.00 ,$310.40 ,$35.12 ,$98.50 ,$1.29 
8/1/1965,$1.42 ,$0.16 ,$0.33 ,$1.00 ,$1.00 ,$303.60 ,$35.12 ,$98.50 ,$1.29 
9/1/1965,$1.42 ,$0.16 ,$0.36 ,$1.00 ,$1.00 ,$299.60 ,$35.12 ,$98.50 ,$1.29 
10/1/1965,$1.42 ,$0.16 ,$0.37 ,$1.01 ,$1.00 ,$307.80 ,$35.12 ,$98.50 ,$1.29 
11/1/1965,$1.42 ,$0.16 ,$0.40 ,$1.03 ,$1.00 ,$298.70 ,$35.12 ,$98.50 ,$1.29 
12/1/1965,$1.42 ,$0.16 ,$0.46 ,$1.03 ,$1.00 ,$302.70 ,$35.12 ,$98.50 ,$1.29 
1/1/1966,$1.36 ,$0.16 ,$0.47 ,$1.01 ,$0.96 ,$302.70 ,$35.13 ,$98.50 ,$1.29 
2/1/1966,$1.36 ,$0.16 ,$0.47 ,$0.97 ,$0.96 ,$299.80 ,$35.13 ,$98.50 ,$1.29 
3/1/1966,$1.36 ,$0.16 ,$0.49 ,$0.95 ,$0.96 ,$300.70 ,$35.13 ,$99.65 ,$1.29 
4/1/1966,$1.36 ,$0.16 ,$0.53 ,$0.95 ,$0.96 ,$278.70 ,$35.13 ,$100.00 ,$1.29 
5/1/1966,$1.36 ,$0.16 ,$0.51 ,$0.95 ,$0.96 ,$270.00 ,$35.13 ,$100.00 ,$1.29 
6/1/1966,$1.36 ,$0.16 ,$0.53 ,$0.92 ,$0.81 ,$272.10 ,$35.13 ,$100.00 ,$1.29 
7/1/1966,$1.36 ,$0.16 ,$0.58 ,$0.92 ,$0.81 ,$264.60 ,$35.13 ,$100.00 ,$1.29 
8/1/1966,$1.36 ,$0.16 ,$0.57 ,$0.92 ,$0.81 ,$264.60 ,$35.13 ,$100.00 ,$1.29 
9/1/1966,$1.36 ,$0.16 ,$0.50 ,$0.90 ,$0.81 ,$270.50 ,$35.13 ,$100.00 ,$1.29 
10/1/1966,$1.36 ,$0.16 ,$0.51 ,$0.89 ,$0.81 ,$276.00 ,$35.13 ,$100.00 ,$1.29 
11/1/1966,$1.36 ,$0.16 ,$0.50 ,$0.89 ,$0.81 ,$288.10 ,$35.13 ,$100.00 ,$1.29 
12/1/1966,$1.36 ,$0.16 ,$0.55 ,$0.87 ,$0.81 ,$285.50 ,$35.13 ,$100.00 ,$1.29 
1/1/1967,$1.33 ,$0.16 ,$0.57 ,$0.85 ,$0.84 ,$279.50 ,$34.95 ,$102.93 ,$1.29 
2/1/1967,$1.33 ,$0.16 ,$0.61 ,$0.84 ,$0.84 ,$282.20 ,$34.95 ,$110.50 ,$1.29 
3/1/1967,$1.33 ,$0.16 ,$0.60 ,$0.82 ,$0.84 ,$279.30 ,$34.95 ,$110.50 ,$1.29 
4/1/1967,$1.33 ,$0.16 ,$0.58 ,$0.85 ,$0.84 ,$272.10 ,$34.95 ,$110.50 ,$1.29 
5/1/1967,$1.33 ,$0.16 ,$0.57 ,$0.89 ,$0.84 ,$275.10 ,$34.95 ,$110.50 ,$1.30 
6/1/1967,$1.33 ,$0.16 ,$0.58 ,$0.91 ,$0.84 ,$274.30 ,$34.95 ,$110.50 ,$1.30 
7/1/1967,$1.33 ,$0.16 ,$0.57 ,$0.90 ,$0.84 ,$267.20 ,$34.95 ,$110.50 ,$1.59 
8/1/1967,$1.33 ,$0.16 ,$0.59 ,$0.88 ,$0.84 ,$268.70 ,$34.95 ,$110.50 ,$1.75 
9/1/1967,$1.33 ,$0.16 ,$0.62 ,$0.86 ,$0.84 ,$264.60 ,$34.95 ,$110.50 ,$1.68 
10/1/1967,$1.33 ,$0.16 ,$0.61 ,$0.85 ,$0.84 ,$263.90 ,$34.95 ,$110.50 ,$1.79 
11/1/1967,$1.33 ,$0.16 ,$0.64 ,$0.87 ,$0.84 ,$287.00 ,$34.95 ,$110.50 ,$1.95 
12/1/1967,$1.33 ,$0.16 ,$0.65 ,$0.85 ,$0.79 ,$266.10 ,$34.95 ,$115.05 ,$2.06 
1/1/1968,$1.32 ,$0.16 ,$0.65 ,$0.87 ,$0.75 ,$262.80 ,$35.50 ,$114.00 ,$1.99 
2/1/1968,$1.32 ,$0.16 ,$0.63 ,$0.87 ,$0.75 ,$259.70 ,$36.00 ,$111.50 ,$1.85 
3/1/1968,$1.32 ,$0.16 ,$0.62 ,$0.88 ,$0.75 ,$257.50 ,$37.00 ,$111.50 ,$2.18 
4/1/1968,$1.32 ,$0.16 ,$0.63 ,$0.89 ,$0.75 ,$258.20 ,$37.86 ,$111.50 ,$2.20 
5/1/1968,$1.32 ,$0.16 ,$0.62 ,$0.88 ,$0.75 ,$261.50 ,$40.70 ,$111.50 ,$2.38 
6/1/1968,$1.32 ,$0.16 ,$0.61 ,$0.89 ,$0.75 ,$262.10 ,$41.14 ,$111.50 ,$2.46 
7/1/1968,$1.32 ,$0.16 ,$0.63 ,$0.88 ,$0.75 ,$265.70 ,$39.46 ,$122.50 ,$2.31 
8/1/1968,$1.32 ,$0.16 ,$0.65 ,$0.87 ,$0.75 ,$269.00 ,$39.19 ,$122.50 ,$2.19 
9/1/1968,$1.32 ,$0.16 ,$0.77 ,$0.85 ,$0.75 ,$263.00 ,$40.18 ,$122.50 ,$2.21 
10/1/1968,$1.32 ,$0.16 ,$0.83 ,$0.85 ,$0.75 ,$262.10 ,$39.21 ,$122.50 ,$1.97 
11/1/1968,$1.32 ,$0.16 ,$0.97 ,$0.85 ,$0.75 ,$264.10 ,$39.78 ,$122.50 ,$2.02 
12/1/1968,$1.32 ,$0.16 ,$1.02 ,$0.83 ,$0.75 ,$269.00 ,$41.08 ,$122.50 ,$1.96 
1/1/1969,$1.27 ,$0.17 ,$0.94 ,$0.83 ,$0.73 ,$269.40 ,$42.30 ,$122.50 ,$1.98 
2/1/1969,$1.27 ,$0.17 ,$0.91 ,$0.84 ,$0.73 ,$267.40 ,$42.60 ,$122.50 ,$1.84 
3/1/1969,$1.27 ,$0.17 ,$0.90 ,$0.83 ,$0.73 ,$271.60 ,$43.16 ,$122.50 ,$1.83 
4/1/1969,$1.27 ,$0.17 ,$0.88 ,$0.81 ,$0.73 ,$272.70 ,$43.31 ,$122.50 ,$1.78 
5/1/1969,$1.27 ,$0.17 ,$0.81 ,$0.81 ,$0.73 ,$278.90 ,$43.46 ,$122.50 ,$1.76 
6/1/1969,$1.27 ,$0.17 ,$0.89 ,$0.80 ,$0.73 ,$281.30 ,$41.44 ,$122.50 ,$1.65 
7/1/1969,$1.27 ,$0.17 ,$0.93 ,$0.78 ,$0.73 ,$283.70 ,$41.76 ,$122.50 ,$1.62 
8/1/1969,$1.27 ,$0.17 ,$0.91 ,$0.81 ,$0.73 ,$293.90 ,$41.09 ,$122.50 ,$1.65 
9/1/1969,$1.27 ,$0.17 ,$0.90 ,$0.90 ,$0.73 ,$299.40 ,$40.87 ,$122.50 ,$1.79 
10/1/1969,$1.27 ,$0.17 ,$0.92 ,$1.04 ,$0.73 ,$298.90 ,$40.44 ,$122.75 ,$1.87 
11/1/1969,$1.27 ,$0.17 ,$0.93 ,$1.02 ,$0.73 ,$309.50 ,$37.40 ,$132.50 ,$1.92 
12/1/1969,$1.27 ,$0.17 ,$0.85 ,$1.05 ,$0.73 ,$310.20 ,$35.17 ,$132.50 ,$1.81 
1/1/1970,$1.21 ,$0.17 ,$0.68 ,$1.14 ,$0.84 ,$302.40 ,$34.94 ,$132.50 ,$1.88 
2/1/1970,$1.21 ,$0.17 ,$0.68 ,$1.15 ,$0.84 ,$298.00 ,$34.99 ,$132.50 ,$1.90 
3/1/1970,$1.21 ,$0.17 ,$0.68 ,$1.17 ,$0.84 ,$296.00 ,$35.09 ,$132.50 ,$1.89 
4/1/1970,$1.21 ,$0.17 ,$0.68 ,$1.20 ,$0.84 ,$293.40 ,$35.62 ,$132.50 ,$1.85 
5/1/1970,$1.21 ,$0.17 ,$0.68 ,$1.22 ,$0.84 ,$291.70 ,$35.95 ,$132.50 ,$1.67 
6/1/1970,$1.21 ,$0.17 ,$0.68 ,$1.21 ,$0.84 ,$293.20 ,$35.42 ,$132.50 ,$1.64 
7/1/1970,$1.21 ,$0.17 ,$0.68 ,$1.21 ,$0.84 ,$298.10 ,$35.32 ,$132.50 ,$1.69 
8/1/1970,$1.21 ,$0.17 ,$0.68 ,$1.18 ,$0.84 ,$298.10 ,$35.38 ,$132.50 ,$1.80 
9/1/1970,$1.21 ,$0.17 ,$0.68 ,$1.16 ,$0.84 ,$300.00 ,$36.19 ,$132.50 ,$1.80 
10/1/1970,$1.21 ,$0.17 ,$0.68 ,$1.12 ,$0.84 ,$296.50 ,$37.52 ,$132.50 ,$1.75 
11/1/1970,$1.21 ,$0.17 ,$0.68 ,$1.03 ,$0.84 ,$293.20 ,$37.44 ,$132.50 ,$1.76 
12/1/1970,$1.21 ,$0.17 ,$0.68 ,$0.98 ,$0.84 ,$289.20 ,$37.44 ,$132.50 ,$1.63 
1/1/1971,$1.64 ,$0.18 ,$0.54 ,$1.00 ,$0.78 ,$284.60 ,$37.88 ,$129.00 ,$1.64 
2/1/1971,$1.64 ,$0.18 ,$0.54 ,$0.98 ,$0.78 ,$272.10 ,$38.74 ,$122.50 ,$1.60 
3/1/1971,$1.64 ,$0.18 ,$0.54 ,$1.01 ,$0.76 ,$283.70 ,$38.87 ,$122.50 ,$1.67 
4/1/1971,$1.64 ,$0.18 ,$0.54 ,$0.99 ,$1.03 ,$283.50 ,$39.01 ,$122.50 ,$1.73 
5/1/1971,$1.64 ,$0.18 ,$0.54 ,$1.02 ,$0.91 ,$287.70 ,$40.52 ,$122.50 ,$1.67 
6/1/1971,$1.64 ,$0.18 ,$0.54 ,$1.00 ,$0.85 ,$308.60 ,$40.10 ,$122.50 ,$1.61 
7/1/1971,$1.74 ,$0.18 ,$0.54 ,$0.99 ,$0.91 ,$317.60 ,$40.95 ,$122.50 ,$1.58 
8/1/1971,$1.74 ,$0.18 ,$0.54 ,$1.01 ,$0.86 ,$322.50 ,$42.71 ,$122.50 ,$1.59 
9/1/1971,$1.74 ,$0.18 ,$0.54 ,$0.96 ,$0.85 ,$311.20 ,$42.03 ,$122.50 ,$1.42 
10/1/1971,$1.74 ,$0.18 ,$0.54 ,$0.94 ,$0.85 ,$336.60 ,$42.50 ,$122.50 ,$1.34 
11/1/1971,$1.74 ,$0.18 ,$0.54 ,$0.97 ,$0.82 ,$344.40 ,$42.86 ,$122.50 ,$1.32 
12/1/1971,$1.74 ,$0.18 ,$0.54 ,$1.02 ,$0.80 ,$358.90 ,$43.48 ,$122.50 ,$1.39 
1/1/1972,$1.77 ,$0.19 ,$0.64 ,$0.99 ,$0.79 ,$379.80 ,$45.75 ,$122.50 ,$1.47 
2/1/1972,$1.77 ,$0.19 ,$0.64 ,$1.00 ,$0.79 ,$389.70 ,$48.26 ,$122.50 ,$1.50 
3/1/1972,$1.77 ,$0.19 ,$0.64 ,$1.02 ,$0.80 ,$397.40 ,$48.33 ,$122.50 ,$1.54 
4/1/1972,$1.77 ,$0.19 ,$0.64 ,$1.01 ,$0.81 ,$395.00 ,$49.03 ,$122.50 ,$1.57 
5/1/1972,$1.77 ,$0.19 ,$0.64 ,$1.04 ,$0.86 ,$386.20 ,$54.62 ,$122.50 ,$1.58 
6/1/1972,$1.77 ,$0.19 ,$0.64 ,$1.07 ,$0.87 ,$371.00 ,$62.09 ,$122.50 ,$1.57 
7/1/1972,$1.87 ,$0.19 ,$0.64 ,$1.24 ,$0.79 ,$363.70 ,$65.66 ,$128.00 ,$1.74 
8/1/1972,$1.87 ,$0.19 ,$0.64 ,$1.20 ,$0.77 ,$363.50 ,$67.03 ,$132.50 ,$1.85 
9/1/1972,$1.87 ,$0.19 ,$0.64 ,$1.17 ,$0.76 ,$368.40 ,$65.46 ,$132.50 ,$1.78 
10/1/1972,$1.87 ,$0.19 ,$0.64 ,$1.18 ,$0.74 ,$363.70 ,$64.86 ,$132.50 ,$1.81 
11/1/1972,$1.87 ,$0.19 ,$0.64 ,$1.19 ,$0.71 ,$378.90 ,$62.91 ,$132.50 ,$1.83 
12/1/1972,$1.87 ,$0.19 ,$0.64 ,$1.22 ,$0.71 ,$375.00 ,$63.91 ,$132.50 ,$1.98 
1/1/1973,$2.08 ,$0.21 ,$1.13 ,$1.28 ,$0.72 ,$387.00 ,$65.14 ,$132.50 ,$2.02 
2/1/1973,$2.08 ,$0.21 ,$1.13 ,$1.45 ,$0.73 ,$422.00 ,$74.20 ,$141.97 ,$2.24 
3/1/1973,$2.08 ,$0.21 ,$1.13 ,$1.42 ,$0.73 ,$474.00 ,$84.37 ,$152.50 ,$2.31 
4/1/1973,$2.35 ,$0.21 ,$1.13 ,$1.29 ,$0.80 ,$513.00 ,$90.50 ,$152.50 ,$2.21 
5/1/1973,$2.35 ,$0.21 ,$1.13 ,$1.42 ,$0.81 ,$549.00 ,$101.96 ,$152.50 ,$2.40 
6/1/1973,$2.35 ,$0.21 ,$1.13 ,$1.41 ,$0.84 ,$656.00 ,$120.12 ,$152.50 ,$2.62 
7/1/1973,$2.70 ,$0.21 ,$1.13 ,$1.36 ,$0.87 ,$842.00 ,$120.17 ,$152.50 ,$2.71 
8/1/1973,$2.70 ,$0.21 ,$1.13 ,$1.33 ,$0.85 ,$914.00 ,$106.76 ,$152.50 ,$2.64 
9/1/1973,$2.70 ,$0.21 ,$1.13 ,$1.33 ,$0.81 ,$976.00 ,$102.97 ,$155.24 ,$2.68 
10/1/1973,$4.10 ,$0.21 ,$1.13 ,$1.38 ,$0.79 ,"$1,163.00 ",$100.08 ,$160.50 ,$2.89 
11/1/1973,$4.10 ,$0.21 ,$1.13 ,$1.39 ,$0.76 ,"$1,625.00 ",$94.92 ,$160.50 ,$2.86 
12/1/1973,$4.10 ,$0.21 ,$1.13 ,$1.42 ,$0.74 ,"$1,623.00 ",$106.72 ,$160.50 ,$3.14 
1/1/1974,$13.00 ,$0.29 ,$1.56 ,$1.53 ,$0.84 ,"$1,330.00 ",$129.19 ,$162.68 ,$3.64 
2/1/1974,$13.00 ,$0.29 ,$1.56 ,$1.65 ,$0.87 ,"$1,516.00 ",$150.13 ,$172.50 ,$5.36 
3/1/1974,$13.00 ,$0.29 ,$1.56 ,$1.58 ,$0.94 ,"$1,630.00 ",$168.42 ,$172.50 ,$5.33 
4/1/1974,$10.60 ,$0.29 ,$1.56 ,$1.55 ,$1.15 ,"$1,743.00 ",$172.24 ,$172.50 ,$5.04 
5/1/1974,$10.60 ,$0.29 ,$1.56 ,$1.57 ,$1.09 ,"$1,782.00 ",$163.27 ,$174.55 ,$5.43 
6/1/1974,$10.60 ,$0.29 ,$1.56 ,$1.59 ,$1.19 ,"$1,410.00 ",$154.10 ,$195.00 ,$4.90 
7/1/1974,$10.00 ,$0.29 ,$1.56 ,$1.52 ,$1.31 ,"$1,097.00 ",$142.98 ,$195.00 ,$4.42 
8/1/1974,$10.00 ,$0.29 ,$1.56 ,$1.38 ,$1.18 ,"$1,066.00 ",$154.64 ,$195.00 ,$4.43 
9/1/1974,$10.00 ,$0.29 ,$1.56 ,$1.20 ,$1.12 ,$911.00 ,$151.75 ,$195.00 ,$4.05 
10/1/1974,$10.30 ,$0.29 ,$1.56 ,$1.25 ,$1.11 ,$825.00 ,$158.78 ,$195.00 ,$4.83 
11/1/1974,$10.30 ,$0.29 ,$1.56 ,$1.31 ,$1.13 ,$794.00 ,$181.66 ,$195.00 ,$4.69 
12/1/1974,$10.30 ,$0.29 ,$1.56 ,$1.30 ,$1.18 ,$771.00 ,$183.78 ,$195.00 ,$4.39 
1/1/1975,$10.42 ,$0.43 ,$1.25 ,$1.23 ,$1.14 ,$799.00 ,$176.27 ,$195.00 ,$4.19 
2/1/1975,$10.42 ,$0.43 ,$1.25 ,$1.18 ,$1.13 ,$794.00 ,$179.60 ,$180.53 ,$4.37 
3/1/1975,$10.42 ,$0.43 ,$1.25 ,$1.10 ,$1.10 ,$803.00 ,$178.16 ,$175.00 ,$4.33 
4/1/1975,$10.42 ,$0.43 ,$1.25 ,$1.05 ,$1.37 ,$783.00 ,$169.84 ,$163.06 ,$4.21 
5/1/1975,$10.42 ,$0.43 ,$1.25 ,$1.12 ,$1.17 ,$747.00 ,$167.39 ,$160.00 ,$4.54 
6/1/1975,$10.42 ,$0.43 ,$1.25 ,$1.23 ,$1.22 ,$751.00 ,$164.24 ,$160.00 ,$4.49 
7/1/1975,$10.43 ,$0.43 ,$1.25 ,$1.45 ,$1.23 ,$707.00 ,$165.17 ,$162.73 ,$4.70 
8/1/1975,$10.43 ,$0.43 ,$1.25 ,$1.84 ,$1.17 ,$737.00 ,$163.00 ,$175.00 ,$4.93 
9/1/1975,$10.43 ,$0.43 ,$1.25 ,$1.78 ,$1.11 ,$724.00 ,$144.17 ,$175.00 ,$4.52 
10/1/1975,$10.46 ,$0.43 ,$1.25 ,$1.77 ,$1.08 ,$706.00 ,$142.79 ,$172.17 ,$4.33 
11/1/1975,$10.46 ,$0.43 ,$1.25 ,$1.71 ,$1.00 ,$705.00 ,$142.42 ,$160.00 ,$4.33 
12/1/1975,$10.46 ,$0.43 ,$1.25 ,$1.84 ,$0.98 ,$686.00 ,$139.30 ,$160.00 ,$4.08 
1/1/1976,$11.51 ,$0.54 ,$1.40 ,$2.05 ,$1.10 ,$692.00 ,$131.05 ,$160.00 ,$4.06 
2/1/1976,$11.51 ,$0.54 ,$1.43 ,$2.19 ,$1.08 ,$690.00 ,$131.06 ,$160.00 ,$4.09 
3/1/1976,$11.51 ,$0.54 ,$1.42 ,$2.20 ,$1.07 ,$728.00 ,$132.76 ,$160.00 ,$4.19 
4/1/1976,$11.51 ,$0.55 ,$1.64 ,$2.70 ,$1.27 ,$789.00 ,$127.94 ,$160.00 ,$4.36 
5/1/1976,$11.51 ,$0.55 ,$1.77 ,$2.99 ,$1.14 ,$774.00 ,$126.92 ,$160.00 ,$4.49 
6/1/1976,$11.51 ,$0.58 ,$1.92 ,$3.30 ,$1.21 ,$750.00 ,$125.71 ,$163.54 ,$4.81 
7/1/1976,$11.60 ,$0.58 ,$1.96 ,$3.03 ,$1.26 ,$776.00 ,$117.73 ,$171.12 ,$4.76 
8/1/1976,$11.60 ,$0.60 ,$2.12 ,$3.38 ,$1.24 ,$741.00 ,$109.93 ,$156.15 ,$4.28 
9/1/1976,$11.60 ,$0.60 ,$2.39 ,$3.51 ,$1.21 ,$712.00 ,$114.15 ,$158.24 ,$4.30 
10/1/1976,$11.90 ,$0.62 ,$2.59 ,$3.82 ,$1.22 ,$639.00 ,$116.15 ,$157.90 ,$4.22 
11/1/1976,$11.90 ,$0.63 ,$2.93 ,$4.03 ,$1.21 ,$604.00 ,$130.46 ,$156.83 ,$4.35 
12/1/1976,$11.90 ,$0.64 ,$2.98 ,$4.57 ,$1.23 ,$642.00 ,$133.93 ,$151.99 ,$4.36 
1/1/1977,$12.50 ,$0.67 ,$3.45 ,$4.83 ,$1.60 ,$692.00 ,$132.26 ,$154.55 ,$4.42 
2/1/1977,$12.50 ,$0.71 ,$3.82 ,$5.41 ,$1.89 ,$703.00 ,$136.24 ,$161.27 ,$4.53 
3/1/1977,$12.50 ,$0.75 ,$4.03 ,$6.71 ,$2.19 ,$719.00 ,$148.23 ,$162.99 ,$4.87 
4/1/1977,$12.45 ,$0.77 ,$3.59 ,$7.00 ,$2.88 ,$655.00 ,$149.17 ,$160.74 ,$4.79 
5/1/1977,$12.45 ,$0.77 ,$3.78 ,$6.29 ,$2.20 ,$611.00 ,$146.61 ,$156.55 ,$4.70 
6/1/1977,$12.45 ,$0.82 ,$4.25 ,$5.78 ,$2.09 ,$542.00 ,$140.78 ,$150.36 ,$4.48 
7/1/1977,$12.63 ,$0.83 ,$4.36 ,$4.85 ,$2.05 ,$542.00 ,$143.39 ,$149.57 ,$4.53 
8/1/1977,$12.63 ,$0.82 ,$3.97 ,$4.40 ,$1.93 ,$520.00 ,$144.94 ,$148.86 ,$4.47 
9/1/1977,$12.63 ,$0.83 ,$3.85 ,$4.18 ,$1.81 ,$518.00 ,$149.53 ,$150.33 ,$4.54 
10/1/1977,$12.68 ,$0.84 ,$3.69 ,$3.77 ,$1.77 ,$511.00 ,$158.95 ,$157.62 ,$4.76 
11/1/1977,$12.68 ,$0.83 ,$3.48 ,$4.35 ,$1.54 ,$525.00 ,$162.10 ,$169.67 ,$4.83 
12/1/1977,$12.68 ,$0.84 ,$3.19 ,$4.47 ,$1.50 ,$538.00 ,$160.45 ,$177.35 ,$4.72 
1/1/1978,$12.66 ,$0.87 ,$2.98 ,$4.55 ,$1.36 ,$518.00 ,$173.18 ,$201.73 ,$4.92 
2/1/1978,$12.66 ,$0.88 ,$2.83 ,$4.36 ,$1.40 ,$478.00 ,$178.14 ,$224.41 ,$4.96 
3/1/1978,$12.66 ,$0.89 ,$3.38 ,$3.86 ,$1.36 ,$507.00 ,$183.61 ,$226.78 ,$5.27 
4/1/1978,$12.68 ,$0.88 ,$3.44 ,$3.94 ,$1.79 ,$553.00 ,$175.28 ,$214.09 ,$5.17 
5/1/1978,$12.70 ,$0.91 ,$3.14 ,$3.74 ,$1.36 ,$562.00 ,$176.31 ,$232.73 ,$5.13 
6/1/1978,$12.73 ,$0.91 ,$2.99 ,$3.71 ,$1.35 ,$578.00 ,$183.75 ,$244.96 ,$5.33 
7/1/1978,$12.77 ,$0.89 ,$3.16 ,$2.95 ,$1.43 ,$584.00 ,$188.73 ,$245.64 ,$5.36 
8/1/1978,$12.79 ,$0.91 ,$3.36 ,$3.05 ,$1.40 ,$618.00 ,$206.30 ,$267.35 ,$5.54 
9/1/1978,$12.80 ,$0.92 ,$3.75 ,$3.42 ,$1.36 ,$634.00 ,$212.08 ,$269.34 ,$5.59 
10/1/1978,$12.85 ,$0.92 ,$3.83 ,$3.40 ,$1.41 ,$713.00 ,$227.44 ,$331.83 ,$5.94 
11/1/1978,$13.20 ,$0.93 ,$4.03 ,$3.22 ,$1.37 ,$695.00 ,$206.20 ,$328.51 ,$5.87 
12/1/1978,$14.50 ,$0.96 ,$3.95 ,$2.89 ,$1.33 ,$687.00 ,$207.85 ,$340.44 ,$5.94 
1/1/1979,$17.45 ,$1.02 ,$3.66 ,$2.83 ,$1.31 ,$720.00 ,$227.28 ,$358.47 ,$6.20 
2/1/1979,$20.75 ,$1.05 ,$3.50 ,$2.71 ,$1.28 ,$793.00 ,$245.67 ,$410.41 ,$7.35 
3/1/1979,$22.02 ,$1.10 ,$3.40 ,$2.87 ,$1.26 ,$795.00 ,$242.05 ,$397.76 ,$7.42 
4/1/1979,$22.43 ,$1.11 ,$3.25 ,$3.06 ,$2.07 ,$789.00 ,$239.11 ,$391.16 ,$7.44 
5/1/1979,$33.50 ,$1.15 ,$3.36 ,$3.30 ,$1.44 ,$778.00 ,$257.59 ,$430.39 ,$8.38 
6/1/1979,$34.67 ,$1.17 ,$3.48 ,$4.26 ,$1.33 ,$754.00 ,$279.07 ,$430.29 ,$8.56 
7/1/1979,$33.50 ,$1.20 ,$3.25 ,$4.49 ,$1.42 ,$722.00 ,$294.74 ,$411.79 ,$9.05 
8/1/1979,$34.00 ,$1.24 ,$3.14 ,$4.35 ,$1.56 ,$665.00 ,$300.82 ,$394.34 ,$9.31 
9/1/1979,$35.50 ,$1.24 ,$3.22 ,$4.57 ,$1.56 ,$724.00 ,$354.95 ,$462.93 ,$13.76 
10/1/1979,$37.25 ,$1.28 ,$3.06 ,$4.62 ,$1.57 ,$707.00 ,$391.66 ,$519.87 ,$16.63 
11/1/1979,$40.75 ,$1.29 ,$3.02 ,$4.56 ,$1.58 ,$702.00 ,$391.99 ,$505.64 ,$16.65 
12/1/1979,$39.75 ,$1.31 ,$3.19 ,$4.28 ,$1.67 ,$751.00 ,$455.08 ,$600.53 ,$22.45 
1/1/1980,$39.00 ,$1.37 ,$3.17 ,$3.81 ,$1.69 ,$774.00 ,$675.31 ,$806.79 ,$38.88 
2/1/1980,$37.25 ,$1.42 ,$3.24 ,$3.71 ,$1.68 ,$870.00 ,$665.32 ,$882.31 ,$35.24 
3/1/1980,$37.00 ,$1.46 ,$3.09 ,$4.12 ,$1.64 ,$743.00 ,$553.58 ,$746.54 ,$24.73 
4/1/1980,$36.58 ,$1.51 ,$2.91 ,$4.05 ,$1.63 ,$708.00 ,$517.41 ,$589.06 ,$14.95 
5/1/1980,$37.05 ,$1.56 ,$2.59 ,$4.23 ,$1.67 ,$691.50 ,$513.80 ,$559.65 ,$12.68 
6/1/1980,$37.00 ,$1.57 ,$2.50 ,$4.05 ,$1.68 ,$678.10 ,$600.72 ,$641.84 ,$15.78 
7/1/1980,$35.38 ,$1.64 ,$2.46 ,$3.52 ,$1.69 ,$714.00 ,$643.27 ,$670.35 ,$16.32 
8/1/1980,$32.95 ,$1.64 ,$2.31 ,$3.10 ,$1.67 ,$769.00 ,$627.15 ,$644.24 ,$15.94 
9/1/1980,$32.83 ,$1.69 ,$2.39 ,$2.86 ,$1.67 ,$796.00 ,$673.63 ,$695.88 ,$19.89 
10/1/1980,$37.35 ,$1.71 ,$2.31 ,$2.84 ,$1.66 ,$805.00 ,$661.15 ,$675.60 ,$20.20 
11/1/1980,$40.30 ,$1.76 ,$2.17 ,$2.60 ,$1.63 ,$802.00 ,$624.77 ,$632.60 ,$18.58 
12/1/1980,$39.75 ,$1.74 ,$2.11 ,$2.72 ,$1.61 ,$784.00 ,$538.26 ,$604.34 ,$16.46 
1/1/1981,$39.77 ,$1.77 ,$2.09 ,$2.89 ,$1.66 ,$777.40 ,$557.39 ,$536.01 ,$14.79 
2/1/1981,$37.90 ,$1.81 ,$2.04 ,$2.85 ,$1.64 ,$731.00 ,$499.76 ,$479.69 ,$13.06 
3/1/1981,$37.60 ,$1.86 ,$2.12 ,$2.86 ,$1.60 ,$751.00 ,$499.11 ,$490.88 ,$12.34 
4/1/1981,$36.37 ,$1.93 ,$2.11 ,$2.89 ,$1.57 ,$824.00 ,$495.80 ,$481.17 ,$11.47 
5/1/1981,$34.28 ,$1.95 ,$1.93 ,$2.83 ,$1.52 ,$851.00 ,$479.70 ,$461.92 ,$10.85 
6/1/1981,$32.71 ,$1.95 ,$1.66 ,$2.51 ,$1.46 ,$840.00 ,$461.09 ,$443.42 ,$10.00 
7/1/1981,$33.51 ,$2.01 ,$2.05 ,$2.67 ,$1.41 ,$865.10 ,$409.07 ,$406.71 ,$8.58 
8/1/1981,$33.98 ,$2.02 ,$2.25 ,$2.78 ,$1.39 ,$955.00 ,$410.16 ,$417.60 ,$8.92 
9/1/1981,$33.99 ,$2.08 ,$2.36 ,$2.80 ,$1.43 ,$939.20 ,$443.75 ,$435.61 ,$10.05 
10/1/1981,$34.61 ,$2.11 ,$2.17 ,$3.02 ,$1.28 ,$891.70 ,$437.76 ,$420.25 ,$9.23 
11/1/1981,$35.68 ,$2.15 ,$2.06 ,$3.18 ,$1.32 ,$876.90 ,$413.37 ,$397.07 ,$8.54 
12/1/1981,$35.41 ,$2.16 ,$2.11 ,$3.13 ,$1.34 ,$845.50 ,$410.09 ,$399.45 ,$8.45 
1/1/1982,$35.05 ,$2.23 ,$2.19 ,$3.18 ,$1.53 ,$818.50 ,$384.14 ,$369.59 ,$7.99 
2/1/1982,$32.27 ,$2.30 ,$2.09 ,$3.40 ,$1.53 ,$822.90 ,$374.13 ,$359.63 ,$8.28 
3/1/1982,$30.17 ,$2.35 ,$1.95 ,$3.22 ,$1.53 ,$789.70 ,$330.25 ,$317.62 ,$7.23 
4/1/1982,$31.57 ,$2.40 ,$1.74 ,$3.12 ,$1.53 ,$742.50 ,$350.30 ,$337.93 ,$7.31 
5/1/1982,$33.04 ,$2.45 ,$1.72 ,$3.03 ,$1.55 ,$750.20 ,$333.71 ,$310.39 ,$6.68 
6/1/1982,$32.77 ,$2.45 ,$1.55 ,$3.10 ,$1.50 ,$691.90 ,$314.98 ,$276.26 ,$5.56 
7/1/1982,$32.92 ,$2.47 ,$1.56 ,$2.94 ,$1.52 ,$726.90 ,$338.97 ,$287.97 ,$6.46 
8/1/1982,$32.42 ,$2.53 ,$1.55 ,$2.93 ,$1.57 ,$715.50 ,$364.23 ,$296.81 ,$7.11 
9/1/1982,$33.47 ,$2.56 ,$1.69 ,$3.00 ,$1.63 ,$749.50 ,$437.31 ,$334.13 ,$8.78 
10/1/1982,$33.78 ,$2.60 ,$1.63 ,$3.10 ,$1.57 ,$751.30 ,$422.15 ,$334.54 ,$9.39 
11/1/1982,$32.85 ,$2.62 ,$1.54 ,$3.05 ,$1.56 ,$710.00 ,$414.89 ,$345.91 ,$9.79 
12/1/1982,$31.47 ,$2.62 ,$1.63 ,$2.97 ,$1.51 ,$668.50 ,$444.50 ,$368.72 ,$10.57 
1/1/1983,$30.65 ,$2.66 ,$1.78 ,$2.87 ,$1.76 ,$699.10 ,$481.29 ,$452.85 ,$12.34 
2/1/1983,$29.11 ,$2.66 ,$1.94 ,$2.80 ,$1.82 ,$681.40 ,$491.09 ,$464.51 ,$13.98 
3/1/1983,$28.32 ,$2.58 ,$1.87 ,$2.76 ,$1.88 ,$678.40 ,$419.70 ,$401.06 ,$10.64 
4/1/1983,$29.69 ,$2.53 ,$1.88 ,$2.75 ,$2.05 ,$697.50 ,$432.88 ,$413.68 ,$11.61 
5/1/1983,$29.36 ,$2.53 ,$2.07 ,$2.83 ,$2.13 ,$735.60 ,$438.01 ,$448.52 ,$12.92 
6/1/1983,$29.97 ,$2.59 ,$2.30 ,$2.81 ,$2.20 ,$718.40 ,$412.84 ,$422.37 ,$11.74 
7/1/1983,$30.47 ,$2.52 ,$2.30 ,$2.83 ,$2.02 ,$739.80 ,$402.91 ,$433.27 ,$12.03 
8/1/1983,$30.65 ,$2.58 ,$2.30 ,$2.86 ,$2.11 ,$808.90 ,$416.20 ,$435.56 ,$12.06 
9/1/1983,$30.07 ,$2.67 ,$2.15 ,$2.92 ,$2.16 ,$837.80 ,$411.80 ,$431.11 ,$11.96 
10/1/1983,$29.62 ,$2.58 ,$2.10 ,$3.10 ,$2.23 ,$859.00 ,$393.60 ,$395.87 ,$9.89 
11/1/1983,$29.17 ,$2.60 ,$2.22 ,$3.19 ,$2.40 ,$859.10 ,$381.70 ,$387.67 ,$8.81 
12/1/1983,$28.81 ,$2.61 ,$2.54 ,$3.23 ,$2.42 ,$857.00 ,$388.34 ,$393.22 ,$9.15 
1/1/1984,$29.04 ,$2.67 ,$2.62 ,$3.17 ,$3.07 ,$957.80 ,$370.89 ,$376.25 ,$8.25 
2/1/1984,$29.20 ,$2.71 ,$2.50 ,$3.22 ,$2.71 ,$998.40 ,$385.96 ,$391.23 ,$9.12 
3/1/1984,$29.53 ,$2.67 ,$2.53 ,$3.27 ,$2.79 ,"$1,040.60 ",$394.26 ,$398.43 ,$9.65 
4/1/1984,$29.57 ,$2.64 ,$2.54 ,$3.31 ,$3.01 ,"$1,004.10 ",$381.37 ,$391.62 ,$9.25 
5/1/1984,$29.46 ,$2.67 ,$2.68 ,$3.31 ,$2.81 ,"$1,001.30 ",$377.40 ,$387.86 ,$8.97 
6/1/1984,$29.05 ,$2.70 ,$2.49 ,$3.25 ,$2.71 ,$941.50 ,$377.70 ,$381.55 ,$8.77 
7/1/1984,$27.99 ,$2.68 ,$2.21 ,$3.18 ,$2.70 ,$853.60 ,$347.71 ,$343.32 ,$7.46 
8/1/1984,$28.17 ,$2.69 ,$2.21 ,$3.21 ,$2.70 ,$834.10 ,$347.70 ,$339.78 ,$7.60 
9/1/1984,$28.35 ,$2.62 ,$2.31 ,$3.14 ,$2.65 ,$873.30 ,$340.20 ,$326.70 ,$7.25 
10/1/1984,$27.85 ,$2.63 ,$2.26 ,$3.02 ,$2.67 ,$843.70 ,$341.00 ,$324.34 ,$7.29 
11/1/1984,$27.65 ,$2.61 ,$2.26 ,$3.09 ,$2.53 ,$855.10 ,$342.00 ,$328.49 ,$7.49 
12/1/1984,$26.81 ,$2.57 ,$2.14 ,$3.10 ,$2.56 ,$859.70 ,$319.54 ,$304.13 ,$6.64 
1/1/1985,$26.63 ,$2.64 ,$2.22 ,$3.21 ,$2.10 ,$867.10 ,$302.79 ,$274.39 ,$6.10 
2/1/1985,$27.60 ,$2.71 ,$2.27 ,$3.18 ,$1.94 ,$886.60 ,$299.10 ,$269.40 ,$6.06 
3/1/1985,$27.85 ,$2.62 ,$2.23 ,$3.26 ,$1.72 ,$920.90 ,$313.50 ,$260.76 ,$5.99 
4/1/1985,$27.80 ,$2.64 ,$2.24 ,$3.12 ,$1.82 ,$931.30 ,$326.80 ,$282.72 ,$6.44 
5/1/1985,$26.65 ,$2.53 ,$2.13 ,$3.15 ,$1.77 ,$881.30 ,$316.00 ,$272.38 ,$6.27 
6/1/1985,$26.37 ,$2.58 ,$2.09 ,$3.13 ,$1.71 ,$808.00 ,$316.50 ,$267.80 ,$6.18 
7/1/1985,$26.38 ,$2.51 ,$2.21 ,$2.98 ,$1.81 ,$766.80 ,$317.20 ,$268.91 ,$6.00 
8/1/1985,$27.02 ,$2.47 ,$2.27 ,$2.94 ,$1.73 ,$735.10 ,$330.40 ,$307.80 ,$6.15 
9/1/1985,$26.98 ,$2.42 ,$2.35 ,$2.94 ,$1.64 ,$689.50 ,$323.35 ,$311.15 ,$6.05 
10/1/1985,$27.82 ,$2.37 ,$2.36 ,$3.10 ,$1.56 ,$631.90 ,$325.85 ,$323.46 ,$6.18 
11/1/1985,$28.60 ,$2.36 ,$2.30 ,$3.43 ,$1.57 ,$597.50 ,$321.50 ,$334.40 ,$6.10 
12/1/1985,$26.50 ,$2.28 ,$2.38 ,$4.34 ,$1.62 ,$685.30 ,$321.90 ,$336.82 ,$5.85 
1/1/1986,$24.68 ,$2.28 ,$2.32 ,$5.24 ,$1.53 ,$644.00 ,$347.48 ,$363.76 ,$6.02 
2/1/1986,$15.92 ,$2.26 ,$2.23 ,$5.03 ,$1.52 ,$608.70 ,$338.89 ,$376.04 ,$5.86 
3/1/1986,$12.65 ,$2.16 ,$2.11 ,$5.28 ,$1.48 ,$625.70 ,$345.70 ,$413.64 ,$5.62 
4/1/1986,$11.90 ,$2.10 ,$1.99 ,$4.98 ,$1.51 ,$659.90 ,$340.44 ,$418.39 ,$5.19 
5/1/1986,$13.72 ,$1.96 ,$1.91 ,$4.66 ,$1.67 ,$707.30 ,$342.40 ,$413.62 ,$5.07 
6/1/1986,$11.85 ,$1.85 ,$1.91 ,$3.90 ,$1.63 ,$804.20 ,$342.70 ,$432.49 ,$5.13 
7/1/1986,$9.62 ,$1.80 ,$2.02 ,$3.80 ,$1.71 ,$807.10 ,$348.34 ,$438.80 ,$5.03 
8/1/1986,$13.70 ,$1.77 ,$2.07 ,$3.83 ,$1.72 ,$816.00 ,$376.66 ,$540.33 ,$5.18 
9/1/1986,$14.08 ,$1.78 ,$2.21 ,$4.40 ,$1.70 ,$871.10 ,$417.73 ,$604.48 ,$5.63 
10/1/1986,$13.95 ,$1.73 ,$2.07 ,$3.92 ,$1.76 ,$886.20 ,$423.51 ,$581.25 ,$5.64 
11/1/1986,$14.45 ,$1.77 ,$2.02 ,$3.45 ,$1.84 ,$820.00 ,$397.56 ,$517.07 ,$5.55 
12/1/1986,$15.68 ,$1.76 ,$1.98 ,$3.00 ,$1.84 ,$798.20 ,$390.92 ,$480.61 ,$5.35 
1/1/1987,$18.07 ,$1.74 ,$1.97 ,$2.72 ,$1.67 ,$759.70 ,$408.26 ,$515.97 ,$5.51 
2/1/1987,$17.25 ,$1.73 ,$1.96 ,$2.66 ,$1.59 ,$740.40 ,$401.12 ,$517.86 ,$5.48 
3/1/1987,$17.75 ,$1.73 ,$2.01 ,$2.29 ,$1.62 ,$731.60 ,$408.91 ,$532.63 ,$5.66 
4/1/1987,$17.90 ,$1.69 ,$2.07 ,$2.37 ,$1.73 ,$761.90 ,$438.35 ,$585.65 ,$7.35 
5/1/1987,$18.40 ,$1.65 ,$2.07 ,$2.59 ,$1.67 ,$838.70 ,$460.23 ,$606.73 ,$8.46 
6/1/1987,$18.72 ,$1.65 ,$2.00 ,$2.32 ,$1.65 ,$878.40 ,$449.59 ,$569.00 ,$7.42 
7/1/1987,$19.62 ,$1.66 ,$2.12 ,$2.20 ,$1.72 ,$829.80 ,$450.52 ,$572.35 ,$7.61 
8/1/1987,$18.82 ,$1.63 ,$2.02 ,$2.25 ,$1.70 ,$804.10 ,$461.15 ,$609.92 ,$7.84 
9/1/1987,$18.28 ,$1.56 ,$1.99 ,$2.44 ,$1.64 ,$756.70 ,$460.38 ,$590.00 ,$7.61 
10/1/1987,$18.57 ,$1.57 ,$1.91 ,$2.63 ,$1.64 ,$769.90 ,$465.35 ,$568.05 ,$7.61 
11/1/1987,$17.75 ,$1.64 ,$1.93 ,$2.79 ,$1.62 ,$848.00 ,$467.57 ,$500.30 ,$6.76 
12/1/1987,$16.63 ,$1.70 ,$1.90 ,$2.80 ,$1.57 ,$866.30 ,$486.24 ,$500.22 ,$6.81 
1/1/1988,$16.47 ,$1.96 ,$1.97 ,$2.82 ,$1.59 ,$878.50 ,$476.58 ,$494.07 ,$6.74 
2/1/1988,$15.85 ,$1.84 ,$1.80 ,$3.05 ,$1.60 ,$876.40 ,$442.07 ,$458.51 ,$6.34 
3/1/1988,$14.78 ,$1.70 ,$1.69 ,$3.01 ,$1.55 ,$981.90 ,$443.61 ,$496.38 ,$6.41 
4/1/1988,$16.47 ,$1.59 ,$1.65 ,$3.01 ,$1.56 ,"$1,069.20 ",$451.55 ,$526.98 ,$6.48 
5/1/1988,$16.22 ,$1.52 ,$1.71 ,$3.06 ,$1.68 ,"$1,176.70 ",$451.07 ,$548.84 ,$6.54 
6/1/1988,$15.33 ,$1.53 ,$1.62 ,$3.17 ,$1.67 ,"$1,365.30 ",$451.33 ,$579.63 ,$7.02 
7/1/1988,$14.48 ,$1.56 ,$1.61 ,$3.13 ,$1.65 ,"$1,237.40 ",$437.63 ,$548.64 ,$7.04 
8/1/1988,$14.55 ,$1.62 ,$1.45 ,$2.92 ,$1.56 ,"$1,309.20 ",$431.28 ,$532.88 ,$6.71 
9/1/1988,$13.10 ,$1.53 ,$1.24 ,$3.04 ,$1.50 ,"$1,330.30 ",$413.46 ,$512.57 ,$6.38 
10/1/1988,$12.18 ,$1.68 ,$1.30 ,$2.95 ,$1.54 ,"$1,519.90 ",$406.78 ,$525.73 ,$6.28 
11/1/1988,$12.53 ,$1.76 ,$1.47 ,$2.98 ,$1.53 ,"$1,559.00 ",$420.17 ,$575.78 ,$6.29 
12/1/1988,$14.65 ,$1.89 ,$1.50 ,$3.25 ,$1.52 ,"$1,594.30 ",$419.05 ,$564.11 ,$6.12 
1/1/1989,$16.48 ,$1.78 ,$1.43 ,$3.36 ,$1.62 ,"$1,734.00 ",$404.01 ,$526.93 ,$6.00 
2/1/1989,$16.35 ,$1.71 ,$1.48 ,$3.09 ,$1.65 ,"$1,932.40 ",$387.51 ,$531.94 ,$5.88 
3/1/1989,$18.03 ,$1.49 ,$1.41 ,$3.10 ,$1.68 ,"$1,961.60 ",$390.15 ,$538.03 ,$5.96 
4/1/1989,$19.20 ,$1.53 ,$1.29 ,$3.17 ,$1.78 ,"$1,656.40 ",$384.40 ,$537.67 ,$5.79 
5/1/1989,$18.02 ,$1.66 ,$1.21 ,$3.10 ,$1.86 ,"$1,628.40 ",$371.05 ,$516.75 ,$5.45 
6/1/1989,$17.63 ,$1.70 ,$1.25 ,$2.76 ,$1.72 ,"$1,539.00 ",$367.60 ,$497.35 ,$5.27 
7/1/1989,$17.67 ,$1.64 ,$1.35 ,$1.94 ,$1.77 ,"$1,616.90 ",$375.04 ,$501.91 ,$5.22 
8/1/1989,$16.88 ,$1.58 ,$1.29 ,$1.73 ,$1.78 ,"$1,730.40 ",$365.14 ,$484.64 ,$5.18 
9/1/1989,$17.67 ,$1.53 ,$1.14 ,$1.73 ,$2.15 ,"$1,628.90 ",$361.75 ,$477.67 ,$5.13 
10/1/1989,$18.42 ,$1.60 ,$1.06 ,$1.51 ,$2.07 ,"$1,584.60 ",$366.88 ,$485.82 ,$5.14 
11/1/1989,$18.37 ,$1.90 ,$1.01 ,$1.56 ,$1.91 ,"$1,437.60 ",$394.26 ,$510.19 ,$5.48 
12/1/1989,$19.35 ,$2.24 ,$0.97 ,$1.60 ,$1.90 ,"$1,455.00 ",$409.39 ,$506.81 ,$5.57 
1/1/1990,$20.35 ,$2.39 ,$0.99 ,$1.68 ,$2.09 ,"$1,297.00 ",$410.11 ,$497.66 ,$5.25 
2/1/1990,$19.60 ,$1.90 ,$1.03 ,$1.85 ,$2.13 ,"$1,396.80 ",$416.81 ,$516.10 ,$5.29 
3/1/1990,$18.22 ,$1.55 ,$1.13 ,$2.09 ,$2.42 ,"$1,607.40 ",$393.06 ,$497.06 ,$5.08 
4/1/1990,$16.55 ,$1.49 ,$1.33 ,$2.09 ,$2.11 ,"$1,685.60 ",$374.24 ,$478.15 ,$5.07 
5/1/1990,$16.58 ,$1.47 ,$1.44 ,$2.05 ,$2.15 ,"$1,774.60 ",$369.05 ,$488.55 ,$5.08 
6/1/1990,$15.27 ,$1.47 ,$1.32 ,$1.97 ,$1.94 ,"$1,714.80 ",$352.33 ,$481.11 ,$4.92 
7/1/1990,$17.17 ,$1.41 ,$1.35 ,$1.91 ,$1.99 ,"$1,637.00 ",$362.53 ,$478.79 ,$4.87 
8/1/1990,$26.40 ,$1.36 ,$1.29 ,$2.08 ,$1.96 ,"$1,615.10 ",$394.73 ,$492.73 ,$5.01 
9/1/1990,$32.70 ,$1.44 ,$1.37 ,$2.10 ,$2.03 ,"$1,537.50 ",$389.32 ,$461.66 ,$4.80 
10/1/1990,$34.50 ,$1.69 ,$1.31 ,$2.02 ,$2.08 ,"$1,352.60 ",$380.74 ,$424.95 ,$4.39 
11/1/1990,$31.08 ,$2.10 ,$1.35 ,$1.87 ,$1.84 ,"$1,277.70 ",$381.73 ,$422.24 ,$4.17 
12/1/1990,$26.13 ,$2.11 ,$1.30 ,$1.97 ,$1.94 ,"$1,265.40 ",$376.95 ,$420.07 ,$4.08 
1/1/1991,$22.58 ,$1.67 ,$1.24 ,$1.89 ,$1.92 ,"$1,206.20 ",$383.64 ,$407.84 ,$4.05 
2/1/1991,$18.13 ,$1.36 ,$1.21 ,$1.97 ,$1.77 ,"$1,188.10 ",$363.83 ,$386.79 ,$3.74 
3/1/1991,$18.07 ,$1.34 ,$1.21 ,$2.06 ,$1.76 ,"$1,198.60 ",$363.34 ,$399.99 ,$3.94 
4/1/1991,$18.47 ,$1.33 ,$1.15 ,$2.03 ,$1.76 ,"$1,252.90 ",$358.38 ,$396.88 ,$3.98 
5/1/1991,$18.82 ,$1.31 ,$1.06 ,$1.94 ,$1.90 ,"$1,090.90 ",$356.95 ,$389.64 ,$4.05 
6/1/1991,$17.93 ,$1.20 ,$1.04 ,$1.89 ,$1.79 ,"$1,061.60 ",$366.72 ,$376.05 ,$4.39 
7/1/1991,$19.05 ,$1.19 ,$1.03 ,$1.84 ,$1.60 ,"$1,063.10 ",$367.69 ,$376.03 ,$4.35 
8/1/1991,$19.37 ,$1.31 ,$1.14 ,$1.80 ,$1.53 ,"$1,046.30 ",$356.31 ,$346.35 ,$3.96 
9/1/1991,$20.05 ,$1.63 ,$1.27 ,$1.92 ,$1.55 ,"$1,023.20 ",$348.74 ,$349.34 ,$4.04 
10/1/1991,$21.47 ,$1.77 ,$1.30 ,$1.76 ,$1.53 ,$991.70 ,$358.69 ,$362.48 ,$4.12 
11/1/1991,$20.77 ,$1.81 ,$1.31 ,$1.72 ,$1.50 ,"$1,093.30 ",$360.17 ,$365.11 ,$4.07 
12/1/1991,$17.75 ,$1.92 ,$1.37 ,$1.66 ,$1.48 ,"$1,188.00 ",$361.73 ,$353.30 ,$3.94 
1/1/1992,$17.38 ,$1.28 ,$1.28 ,$1.62 ,$1.41 ,"$1,153.70 ",$354.45 ,$341.19 ,$4.11 
2/1/1992,$17.62 ,$1.21 ,$1.19 ,$1.51 ,$1.34 ,"$1,130.70 ",$353.91 ,$362.12 ,$4.15 
3/1/1992,$17.45 ,$1.28 ,$1.13 ,$1.55 ,$1.38 ,"$1,214.60 ",$344.34 ,$356.94 ,$4.11 
4/1/1992,$18.63 ,$1.47 ,$1.04 ,$1.45 ,$1.52 ,"$1,304.30 ",$338.62 ,$347.30 ,$4.05 
5/1/1992,$19.50 ,$1.59 ,$0.99 ,$1.34 ,$1.73 ,"$1,372.90 ",$337.24 ,$358.59 ,$4.07 
6/1/1992,$20.83 ,$1.56 ,$0.97 ,$1.30 ,$1.69 ,"$1,385.20 ",$340.81 ,$369.13 ,$4.06 
7/1/1992,$20.17 ,$1.75 ,$1.10 ,$1.28 ,$1.70 ,"$1,320.20 ",$352.72 ,$383.12 ,$3.97 
8/1/1992,$19.62 ,$1.97 ,$1.18 ,$1.17 ,$1.73 ,"$1,360.40 ",$343.06 ,$359.55 ,$3.81 
9/1/1992,$20.15 ,$2.33 ,$1.13 ,$1.17 ,$1.70 ,"$1,366.90 ",$345.43 ,$362.14 ,$3.77 
10/1/1992,$20.08 ,$2.42 ,$1.07 ,$1.36 ,$1.72 ,"$1,163.60 ",$344.38 ,$358.07 ,$3.75 
11/1/1992,$18.88 ,$2.24 ,$1.08 ,$1.48 ,$1.66 ,"$1,046.90 ",$335.02 ,$356.11 ,$3.77 
12/1/1992,$17.93 ,$2.16 ,$1.03 ,$1.70 ,$1.66 ,"$1,057.90 ",$334.82 ,$361.97 ,$3.73 
1/1/1993,$17.22 ,$1.88 ,$1.04 ,$1.53 ,$1.76 ,"$1,061.10 ",$329.01 ,$359.14 ,$3.68 
2/1/1993,$18.17 ,$1.69 ,$1.00 ,$1.49 ,$1.85 ,"$1,072.10 ",$329.31 ,$359.02 ,$3.66 
3/1/1993,$18.47 ,$2.18 ,$0.98 ,$1.40 ,$1.61 ,$996.10 ,$330.08 ,$350.46 ,$3.65 
4/1/1993,$18.43 ,$2.35 ,$1.01 ,$1.28 ,$1.57 ,"$1,004.60 ",$342.15 ,$368.01 ,$3.95 
5/1/1993,$18.17 ,$2.17 ,$1.00 ,$1.37 ,$1.53 ,$980.40 ,$367.18 ,$385.16 ,$4.46 
6/1/1993,$17.47 ,$1.97 ,$0.99 ,$1.38 ,$1.60 ,$926.00 ,$371.89 ,$383.02 ,$4.38 
7/1/1993,$16.32 ,$2.06 ,$1.06 ,$1.58 ,$1.62 ,$927.60 ,$392.19 ,$403.65 ,$5.02 
8/1/1993,$16.48 ,$2.26 ,$1.10 ,$1.70 ,$1.58 ,$884.00 ,$378.84 ,$391.90 ,$4.84 
9/1/1993,$15.90 ,$2.27 ,$1.27 ,$1.78 ,$1.56 ,$874.20 ,$355.28 ,$362.46 ,$4.22 
10/1/1993,$16.52 ,$2.02 ,$1.29 ,$1.69 ,$1.57 ,$914.90 ,$364.18 ,$367.91 ,$4.34 
11/1/1993,$15.20 ,$2.26 ,$1.32 ,$1.73 ,$1.54 ,$928.40 ,$373.83 ,$374.41 ,$4.53 
12/1/1993,$13.77 ,$2.34 ,$1.36 ,$1.79 ,$1.57 ,$974.40 ,$383.30 ,$383.17 ,$4.97 
1/1/1994,$14.13 ,$2.34 ,$1.26 ,$1.74 ,$1.54 ,$996.70 ,$386.88 ,$387.80 ,$5.15 
2/1/1994,$13.78 ,$2.71 ,$1.23 ,$1.85 ,$1.48 ,$968.90 ,$381.91 ,$394.02 ,$5.25 
3/1/1994,$13.62 ,$2.21 ,$1.31 ,$1.92 ,$1.47 ,$935.90 ,$384.13 ,$400.28 ,$5.44 
4/1/1994,$15.08 ,$2.04 ,$1.24 ,$2.00 ,$1.35 ,$923.60 ,$377.27 ,$397.90 ,$5.35 
5/1/1994,$16.28 ,$1.92 ,$1.38 ,$2.69 ,$1.52 ,$955.60 ,$381.43 ,$398.01 ,$5.42 
6/1/1994,$17.17 ,$1.90 ,$1.46 ,$3.16 ,$1.48 ,$966.20 ,$385.64 ,$401.09 ,$5.39 
7/1/1994,$17.88 ,$1.96 ,$1.55 ,$4.83 ,$1.59 ,$964.00 ,$385.49 ,$411.95 ,$5.28 
8/1/1994,$17.00 ,$1.66 ,$1.55 ,$4.42 ,$1.58 ,$944.90 ,$380.36 ,$412.19 ,$5.20 
9/1/1994,$16.20 ,$1.49 ,$1.49 ,$4.89 ,$1.54 ,$992.40 ,$391.58 ,$417.28 ,$5.52 
10/1/1994,$16.47 ,$1.51 ,$1.45 ,$4.45 ,$1.50 ,"$1,058.50 ",$389.77 ,$419.40 ,$5.45 
11/1/1994,$17.08 ,$1.58 ,$1.44 ,$4.03 ,$1.43 ,"$1,151.70 ",$384.39 ,$412.37 ,$5.19 
12/1/1994,$15.94 ,$1.72 ,$1.40 ,$3.72 ,$1.42 ,"$1,114.30 ",$379.29 ,$410.85 ,$4.78 
1/1/1995,$16.90 ,$1.51 ,$1.47 ,$3.81 ,$1.46 ,"$1,156.50 ",$378.55 ,$413.90 ,$4.77 
2/1/1995,$17.42 ,$1.58 ,$1.51 ,$3.74 ,$1.41 ,"$1,032.20 ",$376.64 ,$413.97 ,$4.72 
3/1/1995,$17.35 ,$1.54 ,$1.49 ,$3.96 ,$1.35 ,"$1,022.20 ",$382.12 ,$416.89 ,$4.65 
4/1/1995,$18.65 ,$1.62 ,$1.46 ,$3.84 ,$1.37 ,"$1,061.40 ",$391.03 ,$448.29 ,$5.48 
5/1/1995,$18.42 ,$1.64 ,$1.45 ,$3.77 ,$1.49 ,"$1,036.20 ",$385.22 ,$437.35 ,$5.56 
6/1/1995,$17.36 ,$1.62 ,$1.44 ,$3.41 ,$1.49 ,"$1,009.60 ",$387.56 ,$438.53 ,$5.36 
7/1/1995,$16.08 ,$1.44 ,$1.36 ,$3.21 ,$1.57 ,"$1,026.80 ",$386.23 ,$433.63 ,$5.16 
8/1/1995,$16.47 ,$1.56 ,$1.41 ,$3.38 ,$1.50 ,"$1,014.40 ",$383.67 ,$425.34 ,$5.40 
9/1/1995,$16.82 ,$1.64 ,$1.40 ,$2.96 ,$1.55 ,$986.20 ,$383.06 ,$429.65 ,$5.43 
10/1/1995,$16.12 ,$1.77 ,$1.39 ,$2.81 ,$1.56 ,$979.10 ,$383.14 ,$412.66 ,$5.37 
11/1/1995,$16.74 ,$2.04 ,$1.44 ,$2.76 ,$1.63 ,"$1,030.70 ",$385.31 ,$413.12 ,$5.32 
12/1/1995,$17.87 ,$2.71 ,$1.38 ,$2.34 ,$1.48 ,"$1,018.10 ",$387.44 ,$408.71 ,$5.18 
1/1/1996,$17.80 ,$2.93 ,$1.35 ,$2.44 ,$1.52 ,"$1,019.10 ",$399.45 ,$415.48 ,$5.46 
2/1/1996,$17.70 ,$4.40 ,$1.37 ,$2.74 ,$1.52 ,"$1,035.80 ",$404.76 ,$420.21 ,$5.66 
3/1/1996,$19.40 ,$2.95 ,$1.34 ,$2.66 ,$1.57 ,"$1,063.90 ",$396.21 ,$411.19 ,$5.52 
4/1/1996,$20.66 ,$2.23 ,$1.46 ,$2.72 ,$1.70 ,"$1,045.40 ",$392.85 ,$404.39 ,$5.42 
5/1/1996,$19.06 ,$2.24 ,$1.52 ,$2.85 ,$1.73 ,"$1,035.80 ",$391.93 ,$401.42 ,$5.37 
6/1/1996,$18.51 ,$2.49 ,$1.54 ,$2.77 ,$1.66 ,"$1,008.50 ",$385.27 ,$392.25 ,$5.16 
7/1/1996,$19.59 ,$2.48 ,$1.50 ,$2.70 ,$1.79 ,"$1,000.10 ",$383.47 ,$393.66 ,$5.07 
8/1/1996,$20.44 ,$2.03 ,$1.50 ,$2.78 ,$1.74 ,"$1,006.90 ",$387.35 ,$400.03 ,$5.14 
9/1/1996,$22.26 ,$1.84 ,$1.48 ,$2.62 ,$1.74 ,"$1,000.30 ",$383.14 ,$389.86 ,$5.04 
10/1/1996,$23.61 ,$2.37 ,$1.48 ,$2.74 ,$1.73 ,"$1,003.10 ",$381.07 ,$384.18 ,$4.93 
11/1/1996,$22.39 ,$3.03 ,$1.47 ,$2.74 ,$1.61 ,"$1,046.50 ",$377.85 ,$381.98 ,$4.83 
12/1/1996,$23.62 ,$3.82 ,$1.47 ,$2.58 ,$1.63 ,"$1,036.30 ",$369.00 ,$370.70 ,$4.83 
1/1/1997,$23.23 ,$3.31 ,$1.43 ,$2.93 ,$1.65 ,"$1,086.50 ",$355.11 ,$360.10 ,$4.77 
2/1/1997,$20.42 ,$2.22 ,$1.37 ,$3.71 ,$1.68 ,"$1,179.40 ",$346.58 ,$365.01 ,$5.07 
3/1/1997,$19.33 ,$1.89 ,$1.52 ,$4.29 ,$1.74 ,"$1,254.80 ",$351.81 ,$378.90 ,$5.20 
4/1/1997,$17.88 ,$2.03 ,$1.57 ,$4.56 ,$1.88 ,"$1,240.40 ",$344.47 ,$371.08 ,$4.77 
5/1/1997,$19.37 ,$2.24 ,$1.57 ,$5.89 ,$2.06 ,"$1,310.50 ",$343.84 ,$387.50 ,$4.75 
6/1/1997,$17.92 ,$2.20 ,$1.69 ,$4.89 ,$2.08 ,"$1,354.20 ",$340.76 ,$430.76 ,$4.76 
7/1/1997,$18.33 ,$2.19 ,$1.68 ,$4.20 ,$2.19 ,"$1,518.00 ",$324.10 ,$415.52 ,$4.37 
8/1/1997,$18.70 ,$2.47 ,$1.65 ,$4.21 ,$2.24 ,"$1,653.50 ",$324.01 ,$424.55 ,$4.50 
9/1/1997,$18.66 ,$2.84 ,$1.77 ,$4.19 ,$2.21 ,"$1,640.90 ",$322.82 ,$424.73 ,$4.73 
10/1/1997,$20.04 ,$3.04 ,$1.74 ,$3.70 ,$2.28 ,"$1,280.10 ",$324.87 ,$423.12 ,$5.03 
11/1/1997,$19.09 ,$3.02 ,$1.70 ,$3.53 ,$2.33 ,"$1,173.00 ",$306.04 ,$392.29 ,$5.08 
12/1/1997,$17.09 ,$2.33 ,$1.74 ,$3.91 ,$2.37 ,"$1,102.20 ",$288.74 ,$365.42 ,$5.84 
1/1/1998,$15.00 ,$2.10 ,$1.67 ,$3.92 ,$2.48 ,"$1,097.20 ",$289.10 ,$373.86 ,$5.89 
2/1/1998,$14.10 ,$2.22 ,$1.64 ,$3.93 ,$2.51 ,"$1,044.00 ",$297.49 ,$386.08 ,$6.81 
3/1/1998,$13.12 ,$2.23 ,$1.72 ,$3.48 ,$2.23 ,"$1,047.60 ",$295.94 ,$398.99 ,$6.24 
4/1/1998,$13.50 ,$2.42 ,$1.72 ,$3.31 ,$2.20 ,"$1,097.00 ",$308.29 ,$413.75 ,$6.34 
5/1/1998,$14.03 ,$2.14 ,$1.78 ,$3.04 ,$2.03 ,"$1,061.10 ",$299.10 ,$388.90 ,$5.58 
6/1/1998,$12.48 ,$2.17 ,$1.72 ,$2.75 ,$1.91 ,"$1,009.80 ",$292.32 ,$355.43 ,$5.26 
7/1/1998,$12.70 ,$2.17 ,$1.72 ,$2.59 ,$1.98 ,"$1,040.30 ",$292.87 ,$378.43 ,$5.46 
8/1/1998,$12.49 ,$1.85 ,$1.68 ,$2.72 ,$1.95 ,"$1,029.80 ",$284.11 ,$369.18 ,$5.18 
9/1/1998,$13.80 ,$2.01 ,$1.69 ,$2.47 ,$1.90 ,"$1,000.00 ",$288.98 ,$361.15 ,$5.00 
10/1/1998,$13.26 ,$1.89 ,$1.65 ,$2.42 ,$1.86 ,$940.50 ,$295.93 ,$342.60 ,$5.01 
11/1/1998,$11.88 ,$2.10 ,$1.60 ,$2.57 ,$1.80 ,$967.10 ,$294.12 ,$347.18 ,$4.97 
12/1/1998,$10.41 ,$1.74 ,$1.52 ,$2.59 ,$1.70 ,$959.20 ,$291.68 ,$351.79 ,$4.88 
1/1/1999,$11.44 ,$1.86 ,$1.46 ,$2.49 ,$1.76 ,$932.80 ,$287.08 ,$355.11 ,$5.14 
2/1/1999,$10.75 ,$1.77 ,$1.41 ,$2.33 ,$1.66 ,"$1,017.30 ",$287.33 ,$364.07 ,$5.53 
3/1/1999,$13.17 ,$1.79 ,$1.31 ,$2.32 ,$1.61 ,"$1,030.00 ",$285.96 ,$369.93 ,$5.19 
4/1/1999,$15.87 ,$2.15 ,$1.18 ,$2.25 ,$1.72 ,"$1,019.00 ",$282.62 ,$357.15 ,$5.06 
5/1/1999,$16.06 ,$2.25 ,$1.07 ,$2.45 ,$1.92 ,"$1,040.30 ",$276.44 ,$356.01 ,$5.26 
6/1/1999,$16.39 ,$2.30 ,$1.16 ,$2.36 ,$1.80 ,"$1,000.50 ",$261.31 ,$356.78 ,$5.03 
7/1/1999,$18.99 ,$2.31 ,$1.11 ,$2.09 ,$1.89 ,"$1,072.10 ",$256.08 ,$349.06 ,$5.18 
8/1/1999,$20.27 ,$2.79 ,$1.00 ,$2.01 ,$1.82 ,"$1,130.60 ",$256.69 ,$350.06 ,$5.26 
9/1/1999,$22.70 ,$2.54 ,$1.06 ,$1.86 ,$2.01 ,"$1,193.80 ",$264.74 ,$370.93 ,$5.21 
10/1/1999,$21.95 ,$2.72 ,$1.02 ,$2.08 ,$2.06 ,"$1,148.70 ",$310.72 ,$421.14 ,$5.41 
11/1/1999,$24.16 ,$2.36 ,$0.92 ,$2.50 ,$1.95 ,"$1,147.20 ",$293.18 ,$434.02 ,$5.15 
12/1/1999,$25.10 ,$2.36 ,$0.92 ,$2.74 ,$1.86 ,"$1,183.80 ",$283.07 ,$439.13 ,$5.16 
1/1/2000,$25.31 ,$2.42 ,$0.92 ,$2.45 ,$1.85 ,"$1,178.80 ",$284.32 ,$441.00 ,$5.19 
2/1/2000,$27.22 ,$2.65 ,$0.86 ,$2.28 ,$1.81 ,"$1,094.90 ",$299.86 ,$519.71 ,$5.25 
3/1/2000,$27.49 ,$2.79 ,$0.93 ,$2.22 ,$1.75 ,"$1,116.40 ",$286.39 ,$479.33 ,$5.06 
4/1/2000,$23.47 ,$3.03 ,$0.91 ,$2.09 ,$1.79 ,"$1,127.60 ",$279.69 ,$497.55 ,$5.06 
5/1/2000,$27.19 ,$3.58 ,$0.92 ,$2.08 ,$1.98 ,"$1,156.90 ",$275.19 ,$525.89 ,$4.98 
6/1/2000,$29.62 ,$4.28 ,$0.95 ,$1.91 ,$1.86 ,"$1,117.90 ",$285.73 ,$559.73 ,$5.00 
7/1/2000,$28.18 ,$3.96 ,$0.97 ,$1.93 ,$2.05 ,"$1,136.20 ",$281.59 ,$560.29 ,$4.97 
8/1/2000,$29.26 ,$4.41 ,$0.89 ,$1.70 ,$1.95 ,"$1,169.80 ",$274.47 ,$577.61 ,$4.89 
9/1/2000,$32.08 ,$5.06 ,$0.88 ,$1.67 ,$1.96 ,"$1,224.40 ",$273.68 ,$591.90 ,$4.89 
10/1/2000,$31.40 ,$5.02 ,$0.88 ,$1.69 ,$1.89 ,"$1,095.90 ",$270.00 ,$579.72 ,$4.83 
11/1/2000,$32.33 ,$5.55 ,$0.88 ,$1.58 ,$1.82 ,"$1,059.00 ",$266.01 ,$593.34 ,$4.68 
12/1/2000,$25.20 ,$8.95 ,$0.89 ,$1.46 ,$1.80 ,"$1,059.80 ",$271.45 ,$609.50 ,$4.64 
1/1/2001,$25.96 ,$8.17 ,$1.00 ,$1.45 ,$1.85 ,"$1,033.10 ",$265.49 ,$620.47 ,$4.66 
2/1/2001,$27.24 ,$5.63 ,$0.89 ,$1.48 ,$1.70 ,"$1,020.90 ",$261.87 ,$600.92 ,$4.56 
3/1/2001,$25.02 ,$5.16 ,$1.12 ,$1.47 ,$1.58 ,"$1,004.70 ",$263.03 ,$584.23 ,$4.40 
4/1/2001,$25.72 ,$5.17 ,$1.08 ,$1.46 ,$1.60 ,$969.40 ,$260.48 ,$594.86 ,$4.37 
5/1/2001,$27.55 ,$4.21 ,$1.08 ,$1.53 ,$1.59 ,$938.00 ,$272.36 ,$610.70 ,$4.43 
6/1/2001,$26.97 ,$3.71 ,$0.97 ,$1.41 ,$1.61 ,$894.90 ,$270.23 ,$579.72 ,$4.37 
7/1/2001,$24.80 ,$3.10 ,$0.97 ,$1.29 ,$1.68 ,$852.40 ,$267.53 ,$530.84 ,$4.25 
8/1/2001,$25.82 ,$2.95 ,$1.03 ,$1.32 ,$1.58 ,$828.10 ,$272.39 ,$451.70 ,$4.22 
9/1/2001,$25.21 ,$2.15 ,$1.02 ,$1.28 ,$1.53 ,$798.60 ,$283.42 ,$457.90 ,$4.35 
10/1/2001,$20.73 ,$2.45 ,$1.08 ,$1.24 ,$1.45 ,$761.50 ,$283.06 ,$431.39 ,$4.40 
11/1/2001,$18.69 ,$2.36 ,$1.23 ,$1.30 ,$1.49 ,$772.90 ,$276.16 ,$429.89 ,$4.12 
12/1/2001,$18.52 ,$2.41 ,$1.34 ,$1.25 ,$1.51 ,$754.70 ,$275.85 ,$461.73 ,$4.37 
1/1/2002,$19.15 ,$2.25 ,$1.39 ,$1.28 ,$1.47 ,$793.20 ,$281.51 ,$472.11 ,$4.51 
2/1/2002,$19.98 ,$2.31 ,$1.49 ,$1.30 ,$1.45 ,$771.30 ,$295.50 ,$471.15 ,$4.42 
3/1/2002,$23.64 ,$3.03 ,$1.59 ,$1.42 ,$1.42 ,$819.30 ,$294.06 ,$512.05 ,$4.54 
4/1/2002,$25.43 ,$3.42 ,$1.57 ,$1.44 ,$1.48 ,$808.20 ,$302.68 ,$539.20 ,$4.58 
5/1/2002,$25.67 ,$3.49 ,$1.60 ,$1.35 ,$1.46 ,$769.50 ,$314.49 ,$533.85 ,$4.70 
6/1/2002,$24.49 ,$3.22 ,$1.66 ,$1.29 ,$1.54 ,$767.10 ,$321.18 ,$554.70 ,$4.90 
7/1/2002,$25.75 ,$2.98 ,$1.87 ,$1.25 ,$1.58 ,$794.90 ,$313.29 ,$526.20 ,$4.92 
8/1/2002,$26.78 ,$3.09 ,$1.96 ,$1.20 ,$1.52 ,$747.60 ,$310.26 ,$544.84 ,$4.54 
9/1/2002,$28.28 ,$3.57 ,$2.16 ,$1.34 ,$1.58 ,$756.20 ,$319.14 ,$556.33 ,$4.55 
10/1/2002,$27.53 ,$4.12 ,$2.20 ,$1.45 ,$1.58 ,$754.70 ,$316.56 ,$580.20 ,$4.40 
11/1/2002,$24.54 ,$4.04 ,$1.81 ,$1.54 ,$1.52 ,$765.30 ,$319.07 ,$588.10 ,$4.51 
12/1/2002,$27.89 ,$4.74 ,$2.03 ,$1.41 ,$1.48 ,$797.70 ,$331.92 ,$595.44 ,$4.63 
1/1/2003,$30.75 ,$5.41 ,$2.18 ,$1.45 ,$1.52 ,$781.41 ,$356.86 ,$627.91 ,$4.81 
2/1/2003,$32.88 ,$7.77 ,$2.28 ,$1.46 ,$1.47 ,$785.15 ,$358.97 ,$681.70 ,$4.66 
3/1/2003,$30.36 ,$5.95 ,$1.95 ,$1.36 ,$1.39 ,$790.95 ,$340.55 ,$674.33 ,$4.53 
4/1/2003,$25.56 ,$5.29 ,$1.92 ,$1.43 ,$1.44 ,$754.65 ,$328.18 ,$624.91 ,$4.49 
5/1/2003,$26.06 ,$5.84 ,$1.74 ,$1.46 ,$1.46 ,$775.65 ,$355.68 ,$650.36 ,$4.74 
6/1/2003,$27.92 ,$5.77 ,$1.57 ,$1.35 ,$1.49 ,$790.69 ,$356.35 ,$661.67 ,$4.53 
7/1/2003,$28.59 ,$5.01 ,$1.56 ,$1.39 ,$1.63 ,$827.54 ,$351.02 ,$681.52 ,$4.80 
8/1/2003,$29.68 ,$4.97 ,$1.55 ,$1.41 ,$1.53 ,$817.88 ,$359.77 ,$692.19 ,$4.99 
9/1/2003,$26.88 ,$4.61 ,$1.64 ,$1.46 ,$1.53 ,$818.18 ,$378.95 ,$705.25 ,$5.17 
10/1/2003,$29.01 ,$4.64 ,$1.48 ,$1.42 ,$1.60 ,$897.96 ,$378.92 ,$732.48 ,$5.00 
11/1/2003,$29.12 ,$4.53 ,$1.51 ,$1.37 ,$1.56 ,$914.53 ,$389.91 ,$760.38 ,$5.18 
12/1/2003,$29.97 ,$6.13 ,$1.63 ,$1.43 ,$1.57 ,$977.76 ,$406.95 ,$807.87 ,$5.63 
1/1/2004,$31.37 ,$6.09 ,$1.63 ,$1.60 ,$1.54 ,"$1,017.00 ",$413.79 ,$849.93 ,$6.30 
2/1/2004,$31.33 ,$5.38 ,$1.57 ,$1.68 ,$1.56 ,"$1,087.68 ",$404.88 ,$846.32 ,$6.44 
3/1/2004,$33.67 ,$5.40 ,$1.50 ,$1.72 ,$1.51 ,"$1,105.78 ",$406.67 ,$899.76 ,$7.23 
4/1/2004,$33.71 ,$5.72 ,$1.44 ,$1.66 ,$1.67 ,"$1,032.73 ",$403.26 ,$880.64 ,$7.15 
5/1/2004,$37.56 ,$6.34 ,$1.42 ,$1.70 ,$1.67 ,"$1,028.29 ",$383.78 ,$809.83 ,$5.87 
6/1/2004,$35.54 ,$6.27 ,$1.40 ,$1.81 ,$1.67 ,"$1,021.46 ",$392.37 ,$807.55 ,$5.86 
7/1/2004,$37.89 ,$5.93 ,$1.56 ,$1.65 ,$1.71 ,$988.32 ,$398.09 ,$809.52 ,$6.31 
8/1/2004,$42.08 ,$5.40 ,$1.73 ,$1.62 ,$1.77 ,$975.81 ,$400.51 ,$848.68 ,$6.66 
9/1/2004,$41.60 ,$5.14 ,$1.55 ,$1.77 ,$1.80 ,$975.18 ,$405.28 ,$847.89 ,$6.40 
10/1/2004,$46.88 ,$6.41 ,$1.48 ,$1.78 ,$1.79 ,"$1,064.95 ",$420.46 ,$841.43 ,$7.10 
11/1/2004,$42.13 ,$6.09 ,$1.66 ,$1.99 ,$1.78 ,"$1,095.64 ",$439.38 ,$854.41 ,$7.49 
12/1/2004,$39.04 ,$6.58 ,$1.66 ,$2.30 ,$1.73 ,"$1,180.21 ",$442.08 ,$848.24 ,$7.09 
1/1/2005,$42.97 ,$6.15 ,$1.55 ,$2.36 ,$1.62 ,"$1,246.38 ",$424.03 ,$859.07 ,$6.62 
2/1/2005,$44.82 ,$6.14 ,$1.63 ,$2.66 ,$1.59 ,"$1,326.18 ",$423.35 ,$864.32 ,$7.03 
3/1/2005,$50.94 ,$6.97 ,$1.76 ,$2.98 ,$1.59 ,"$1,372.15 ",$433.85 ,$866.83 ,$7.23 
4/1/2005,$50.64 ,$7.15 ,$1.59 ,$2.86 ,$1.73 ,"$1,300.14 ",$429.23 ,$864.86 ,$7.12 
5/1/2005,$47.83 ,$6.47 ,$1.51 ,$2.83 ,$1.61 ,"$1,243.63 ",$421.87 ,$866.23 ,$7.02 
6/1/2005,$53.89 ,$7.19 ,$1.54 ,$2.67 ,$1.64 ,"$1,275.73 ",$430.66 ,$880.09 ,$7.31 
7/1/2005,$56.37 ,$7.63 ,$1.49 ,$2.42 ,$1.69 ,"$1,194.43 ",$424.48 ,$873.67 ,$7.01 
8/1/2005,$61.89 ,$9.63 ,$1.48 ,$2.39 ,$1.65 ,"$1,298.39 ",$437.93 ,$898.43 ,$7.03 
9/1/2005,$61.69 ,$12.88 ,$1.50 ,$2.19 ,$1.66 ,"$1,397.52 ",$456.05 ,$914.64 ,$7.15 
10/1/2005,$58.19 ,$13.52 ,$1.46 ,$2.32 ,$1.69 ,"$1,488.38 ",$469.90 ,$931.00 ,$7.67 
11/1/2005,$55.04 ,$10.43 ,$1.44 ,$2.38 ,$1.65 ,"$1,610.93 ",$476.67 ,$962.61 ,$7.87 
12/1/2005,$56.43 ,$12.83 ,$1.51 ,$2.33 ,$1.65 ,"$1,821.83 ",$510.10 ,$976.59 ,$8.63 
1/1/2006,$62.46 ,$8.66 ,$1.57 ,$2.74 ,$1.70 ,"$2,090.31 ",$549.86 ,"$1,026.05 ",$9.14 
2/1/2006,$59.70 ,$7.49 ,$1.55 ,$2.63 ,$1.92 ,"$2,219.38 ",$555.00 ,"$1,041.50 ",$9.53 
3/1/2006,$60.93 ,$6.90 ,$1.55 ,$2.51 ,$1.75 ,"$2,416.91 ",$557.09 ,"$1,041.09 ",$10.38 
4/1/2006,$67.97 ,$7.09 ,$1.55 ,$2.54 ,$1.90 ,"$3,084.78 ",$610.65 ,"$1,098.75 ",$12.61 
5/1/2006,$68.68 ,$6.20 ,$1.60 ,$2.41 ,$1.89 ,"$3,565.69 ",$675.39 ,"$1,260.83 ",$13.38 
6/1/2006,$68.29 ,$6.19 ,$1.61 ,$2.27 ,$1.98 ,"$3,225.68 ",$596.15 ,"$1,188.55 ",$10.80 
7/1/2006,$72.45 ,$6.25 ,$1.68 ,$2.31 ,$2.00 ,"$3,339.86 ",$633.71 ,"$1,228.83 ",$11.23 
8/1/2006,$71.81 ,$7.00 ,$1.62 ,$2.46 ,$1.95 ,"$3,347.30 ",$632.59 ,"$1,233.52 ",$12.19 
9/1/2006,$62.12 ,$4.86 ,$1.57 ,$2.42 ,$1.91 ,"$3,403.02 ",$598.19 ,"$1,183.60 ",$11.68 
10/1/2006,$57.91 ,$5.96 ,$1.53 ,$2.44 ,$1.85 ,"$3,822.96 ",$585.78 ,"$1,082.45 ",$11.56 
11/1/2006,$58.14 ,$7.45 ,$1.58 ,$2.70 ,$1.79 ,"$4,382.23 ",$627.83 ,"$1,183.00 ",$12.93 
12/1/2006,$60.99 ,$6.58 ,$1.71 ,$2.83 ,$1.83 ,"$4,405.40 ",$629.79 ,"$1,121.19 ",$13.28 
1/1/2007,$53.52 ,$6.58 ,$1.70 ,$2.75 ,$1.79 ,"$3,786.68 ",$631.17 ,"$1,146.65 ",$12.84 
2/1/2007,$57.56 ,$7.97 ,$1.82 ,$2.69 ,$1.78 ,"$3,309.50 ",$664.75 ,"$1,204.55 ",$13.91 
3/1/2007,$60.60 ,$7.12 ,$1.92 ,$2.58 ,$1.77 ,"$3,271.30 ",$654.90 ,"$1,218.77 ",$13.18 
4/1/2007,$65.06 ,$7.59 ,$1.98 ,$2.53 ,$1.98 ,"$3,557.47 ",$679.37 ,"$1,275.81 ",$13.72 
5/1/2007,$65.16 ,$7.61 ,$2.00 ,$2.50 ,$1.94 ,"$3,831.26 ",$667.31 ,"$1,300.65 ",$13.15 
6/1/2007,$68.19 ,$7.30 ,$2.02 ,$2.63 ,$2.07 ,"$3,602.85 ",$655.66 ,"$1,286.24 ",$13.14 
7/1/2007,$73.60 ,$6.22 ,$2.16 ,$2.59 ,$2.13 ,"$3,545.58 ",$665.38 ,"$1,303.02 ",$12.91 
8/1/2007,$70.13 ,$6.20 ,$1.91 ,$2.72 ,$2.07 ,"$3,252.52 ",$665.41 ,"$1,263.61 ",$12.33 
9/1/2007,$76.76 ,$6.10 ,$1.93 ,$2.82 ,$2.13 ,"$2,881.40 ",$712.65 ,"$1,307.65 ",$12.83 
10/1/2007,$81.97 ,$6.80 ,$1.91 ,$2.96 ,$2.25 ,"$2,975.33 ",$754.60 ,"$1,410.70 ",$13.67 
11/1/2007,$91.34 ,$7.14 ,$1.97 ,$2.89 ,$2.21 ,"$2,541.32 ",$806.25 ,"$1,448.73 ",$14.70 
12/1/2007,$89.52 ,$7.15 ,$2.11 ,$3.03 ,$2.31 ,"$2,353.08 ",$803.20 ,"$1,492.90 ",$14.30 
1/1/2008,$90.69 ,$8.00 ,$2.20 ,$3.08 ,$2.38 ,"$2,340.11 ",$889.60 ,"$1,583.30 ",$15.91 
2/1/2008,$93.39 ,$8.55 ,$2.50 ,$3.47 ,$2.40 ,"$2,438.14 ",$922.30 ,"$1,999.67 ",$17.57 
3/1/2008,$101.84 ,$9.40 ,$2.73 ,$3.30 ,$2.26 ,"$2,511.47 ",$968.43 ,"$2,025.19 ",$19.32 
4/1/2008,$108.76 ,$10.13 ,$2.61 ,$3.10 ,$2.49 ,"$2,263.80 ",$909.71 ,"$1,988.41 ",$17.50 
5/1/2008,$122.63 ,$11.23 ,$2.68 ,$3.13 ,$2.48 ,"$2,182.10 ",$888.66 ,"$2,052.45 ",$17.06 
6/1/2008,$131.52 ,$12.68 ,$3.00 ,$3.22 ,$2.67 ,"$1,894.48 ",$889.49 ,"$2,039.24 ",$16.97 
7/1/2008,$132.83 ,$11.15 ,$2.97 ,$3.25 ,$2.76 ,"$1,852.37 ",$939.77 ,"$1,904.43 ",$18.03 
8/1/2008,$114.57 ,$8.25 ,$2.82 ,$3.23 ,$2.74 ,"$1,723.28 ",$839.03 ,"$1,485.55 ",$14.64 
9/1/2008,$99.66 ,$7.69 ,$2.70 ,$3.16 ,$2.67 ,"$1,735.48 ",$829.93 ,"$1,223.18 ",$12.37 
10/1/2008,$72.69 ,$6.73 ,$2.27 ,$2.72 ,$2.30 ,"$1,302.11 ",$806.62 ,$912.57 ,$10.44 
11/1/2008,$53.97 ,$6.67 ,$2.05 ,$2.69 ,$1.97 ,"$1,152.60 ",$760.86 ,$840.30 ,$9.87 
12/1/2008,$41.34 ,$5.79 ,$2.39 ,$2.62 ,$1.93 ,"$1,100.57 ",$816.09 ,$839.70 ,$10.29 
1/1/2009,$43.86 ,$5.24 ,$2.63 ,$2.83 ,$2.19 ,"$1,187.41 ",$858.69 ,$947.41 ,$11.27 
2/1/2009,$41.84 ,$4.52 ,$2.65 ,$2.85 ,$2.14 ,"$1,112.08 ",$943.00 ,"$1,033.25 ",$13.41 
3/1/2009,$46.65 ,$3.95 ,$2.51 ,$2.83 ,$2.22 ,"$1,216.75 ",$924.27 ,"$1,081.77 ",$13.12 
4/1/2009,$50.28 ,$3.50 ,$2.56 ,$2.97 ,$2.51 ,"$1,378.85 ",$890.20 ,"$1,165.45 ",$12.48 
5/1/2009,$58.15 ,$3.81 ,$2.48 ,$3.33 ,$2.69 ,"$1,483.79 ",$928.65 ,"$1,128.67 ",$13.98 
6/1/2009,$69.15 ,$3.80 ,$2.70 ,$3.30 ,$2.78 ,"$1,557.27 ",$945.67 ,"$1,217.86 ",$14.65 
7/1/2009,$64.67 ,$3.39 ,$2.79 ,$3.11 ,$2.96 ,"$1,578.61 ",$934.23 ,"$1,162.26 ",$13.36 
8/1/2009,$71.63 ,$3.15 ,$2.96 ,$3.30 ,$2.99 ,"$1,821.68 ",$949.38 ,"$1,244.57 ",$14.36 
9/1/2009,$68.35 ,$2.96 ,$3.14 ,$3.27 ,$3.16 ,"$1,884.02 ",$996.59 ,"$1,288.70 ",$16.39 
10/1/2009,$74.08 ,$4.02 ,$3.37 ,$3.41 ,$3.03 ,"$2,071.59 ","$1,043.16 ","$1,332.77 ",$17.24 
11/1/2009,$77.55 ,$3.69 ,$3.38 ,$3.36 ,$3.06 ,"$2,193.38 ","$1,127.04 ","$1,400.62 ",$17.82 
12/1/2009,$74.88 ,$5.37 ,$3.50 ,$3.49 ,$2.97 ,"$2,375.95 ","$1,134.72 ","$1,437.48 ",$17.64 
1/1/2010,$77.12 ,$5.81 ,$3.53 ,$3.50 ,$2.90 ,"$2,434.45 ","$1,117.96 ","$1,557.90 ",$17.75 
2/1/2010,$74.76 ,$5.34 ,$3.28 ,$3.48 ,$2.85 ,"$2,156.90 ","$1,095.41 ","$1,520.35 ",$15.87 
3/1/2010,$79.30 ,$4.29 ,$3.09 ,$3.63 ,$2.62 ,"$2,275.07 ","$1,113.34 ","$1,599.43 ",$17.11 
4/1/2010,$84.18 ,$4.01 ,$3.22 ,$3.73 ,$2.77 ,"$2,366.68 ","$1,148.69 ","$1,710.50 ",$18.06 
5/1/2010,$75.62 ,$4.16 ,$3.18 ,$3.82 ,$2.80 ,"$1,968.37 ","$1,205.43 ","$1,624.86 ",$18.43 
6/1/2010,$74.73 ,$4.79 ,$3.23 ,$4.21 ,$2.72 ,"$1,742.84 ","$1,232.92 ","$1,553.23 ",$18.45 
7/1/2010,$74.58 ,$4.63 ,$3.23 ,$4.48 ,$2.86 ,"$1,843.89 ","$1,192.97 ","$1,525.59 ",$17.96 
8/1/2010,$75.83 ,$4.31 ,$3.07 ,$4.66 ,$2.99 ,"$2,044.57 ","$1,215.81 ","$1,540.59 ",$18.39 
9/1/2010,$76.12 ,$3.90 ,$2.88 ,$4.91 ,$3.00 ,"$2,151.41 ","$1,270.98 ","$1,591.75 ",$20.55 
10/1/2010,$81.72 ,$3.43 ,$2.93 ,$4.80 ,$3.03 ,"$2,372.14 ","$1,342.02 ","$1,688.69 ",$23.39 
11/1/2010,$84.53 ,$3.73 ,$2.91 ,$5.15 ,$3.03 ,"$2,291.68 ","$1,369.89 ","$1,692.77 ",$26.54 
12/1/2010,$90.01 ,$4.24 ,$3.06 ,$5.47 ,$3.04 ,"$2,280.93 ","$1,390.55 ","$1,711.39 ",$29.32 
1/1/2011,$92.69 ,$4.49 ,$3.16 ,$5.82 ,$3.02 ,"$2,371.55 ","$1,360.46 ","$1,785.43 ",$28.51 
2/1/2011,$97.91 ,$4.07 ,$3.47 ,$6.35 ,$2.88 ,"$2,465.13 ","$1,374.68 ","$1,825.90 ",$30.78 
3/1/2011,$108.65 ,$3.97 ,$3.39 ,$6.44 ,$2.76 ,"$2,341.48 ","$1,423.26 ","$1,770.17 ",$35.81 
4/1/2011,$116.24 ,$4.24 ,$3.13 ,$6.62 ,$3.02 ,"$2,362.22 ","$1,480.89 ","$1,797.90 ",$42.70 
5/1/2011,$108.07 ,$4.31 ,$3.07 ,$6.42 ,$2.95 ,"$2,167.35 ","$1,512.58 ","$1,786.55 ",$37.34 
6/1/2011,$105.85 ,$4.55 ,$3.02 ,$6.06 ,$3.02 ,"$2,234.47 ","$1,529.36 ","$1,768.50 ",$35.80 
7/1/2011,$107.92 ,$4.41 ,$3.17 ,$5.91 ,$3.10 ,"$2,397.75 ","$1,572.75 ","$1,759.76 ",$37.92 
8/1/2011,$100.49 ,$4.05 ,$3.06 ,$5.96 ,$3.02 ,"$2,200.17 ","$1,759.01 ","$1,804.70 ",$40.33 
9/1/2011,$100.82 ,$3.90 ,$2.87 ,$6.06 ,$2.89 ,"$2,075.22 ","$1,772.14 ","$1,748.11 ",$38.15 
10/1/2011,$99.85 ,$3.57 ,$2.68 ,$5.46 ,$2.90 ,"$1,871.42 ","$1,666.43 ","$1,535.19 ",$31.97 
11/1/2011,$105.41 ,$3.24 ,$2.53 ,$5.40 ,$2.79 ,"$1,935.32 ","$1,739.00 ","$1,596.98 ",$33.08 
12/1/2011,$104.23 ,$3.16 ,$2.20 ,$5.22 ,$2.70 ,"$1,904.73 ","$1,639.97 ","$1,454.59 ",$30.30 
1/1/2012,$107.07 ,$2.68 ,$2.31 ,$5.23 ,$2.66 ,"$1,981.86 ","$1,654.05 ","$1,499.32 ",$30.65 
2/1/2012,$112.69 ,$2.52 ,$2.36 ,$4.94 ,$2.57 ,"$2,057.79 ","$1,744.82 ","$1,657.76 ",$34.14 
3/1/2012,$117.79 ,$2.17 ,$2.36 ,$4.44 ,$2.42 ,"$2,035.92 ","$1,675.95 ","$1,655.41 ",$32.95 
4/1/2012,$113.67 ,$1.95 ,$2.27 ,$4.22 ,$2.79 ,"$2,002.14 ","$1,649.20 ","$1,585.81 ",$31.53 
5/1/2012,$104.09 ,$2.44 ,$2.31 ,$4.07 ,$3.00 ,"$1,936.00 ","$1,589.04 ","$1,470.70 ",$28.72 
6/1/2012,$90.73 ,$2.46 ,$2.26 ,$3.72 ,$2.97 ,"$1,858.70 ","$1,598.76 ","$1,443.86 ",$27.98 
7/1/2012,$96.75 ,$2.95 ,$2.35 ,$4.20 ,$3.03 ,"$1,847.75 ","$1,594.29 ","$1,425.82 ",$27.43 
8/1/2012,$105.27 ,$2.84 ,$2.51 ,$3.85 ,$3.12 ,"$1,818.16 ","$1,630.31 ","$1,453.26 ",$28.80 
9/1/2012,$106.28 ,$2.84 ,$2.62 ,$3.95 ,$3.10 ,"$2,009.85 ","$1,744.81 ","$1,623.65 ",$33.61 
10/1/2012,$103.41 ,$3.32 ,$2.46 ,$3.82 ,$3.01 ,"$1,903.96 ","$1,746.58 ","$1,635.83 ",$33.19 
11/1/2012,$101.17 ,$3.54 ,$2.48 ,$3.53 ,$3.02 ,"$1,912.40 ","$1,721.64 ","$1,576.36 ",$32.77 
12/1/2012,$101.19 ,$3.34 ,$2.41 ,$3.37 ,$3.08 ,"$2,040.43 ","$1,684.76 ","$1,582.25 ",$31.87 
1/1/2013,$105.10 ,$3.33 ,$2.28 ,$3.47 ,$3.00 ,"$2,032.20 ","$1,671.85 ","$1,638.89 ",$31.06 
2/1/2013,$107.64 ,$3.33 ,$2.20 ,$3.30 ,$2.93 ,"$2,128.69 ","$1,627.57 ","$1,674.55 ",$30.33 
3/1/2013,$102.52 ,$3.81 ,$2.15 ,$3.30 ,$2.90 ,"$1,926.07 ","$1,593.09 ","$1,582.95 ",$28.79 
4/1/2013,$98.85 ,$4.17 ,$2.29 ,$3.30 ,$2.89 ,"$1,856.00 ","$1,487.86 ","$1,493.07 ",$25.36 
5/1/2013,$99.37 ,$4.04 ,$2.34 ,$3.24 ,$2.95 ,"$1,831.55 ","$1,414.03 ","$1,475.17 ",$23.04 
6/1/2013,$99.74 ,$3.83 ,$2.28 ,$3.05 ,$2.84 ,"$1,839.01 ","$1,343.35 ","$1,430.23 ",$21.11 
7/1/2013,$105.26 ,$3.62 ,$2.31 ,$3.05 ,$2.83 ,"$1,837.62 ","$1,285.52 ","$1,401.48 ",$19.71 
8/1/2013,$108.16 ,$3.43 ,$2.48 ,$2.98 ,$2.78 ,"$1,898.82 ","$1,351.74 ","$1,496.09 ",$21.89 
9/1/2013,$108.76 ,$3.62 ,$2.62 ,$2.92 ,$2.75 ,"$1,846.88 ","$1,348.60 ","$1,456.86 ",$22.56 
10/1/2013,$105.43 ,$3.67 ,$2.73 ,$2.84 ,$2.80 ,"$1,884.84 ","$1,316.58 ","$1,413.48 ",$21.92 
11/1/2013,$102.63 ,$3.62 ,$2.76 ,$2.69 ,$2.78 ,"$1,866.42 ","$1,275.86 ","$1,420.10 ",$20.76 
12/1/2013,$105.48 ,$4.24 ,$2.82 ,$2.78 ,$2.90 ,"$1,974.98 ","$1,221.51 ","$1,355.67 ",$19.67 
1/1/2014,$102.10 ,$4.70 ,$2.82 ,$2.93 ,$2.87 ,"$2,036.93 ","$1,244.27 ","$1,420.95 ",$19.88 
2/1/2014,$104.83 ,$5.97 ,$2.99 ,$3.83 ,$2.58 ,"$2,034.53 ","$1,299.58 ","$1,409.53 ",$20.85 
3/1/2014,$104.04 ,$4.88 ,$3.04 ,$4.72 ,$2.50 ,"$2,007.90 ","$1,336.08 ","$1,451.62 ",$20.72 
4/1/2014,$104.87 ,$4.63 ,$3.05 ,$4.93 ,$2.67 ,"$2,027.21 ","$1,298.45 ","$1,430.33 ",$19.74 
5/1/2014,$105.71 ,$4.56 ,$3.03 ,$4.72 ,$2.87 ,"$2,058.97 ","$1,288.74 ","$1,456.27 ",$19.34 
6/1/2014,$108.37 ,$4.57 ,$3.17 ,$4.36 ,$2.85 ,"$2,128.10 ","$1,279.10 ","$1,452.76 ",$19.89 
7/1/2014,$105.23 ,$4.01 ,$3.20 ,$4.34 ,$2.96 ,"$2,310.62 ","$1,310.59 ","$1,492.18 ",$20.92 
8/1/2014,$100.05 ,$3.88 ,$3.27 ,$4.70 ,$2.79 ,"$2,326.99 ","$1,295.13 ","$1,446.33 ",$19.74 
9/1/2014,$95.85 ,$3.92 ,$3.21 ,$4.64 ,$2.64 ,"$2,294.59 ","$1,236.55 ","$1,359.48 ",$18.37 
10/1/2014,$86.08 ,$3.77 ,$3.10 ,$4.97 ,$2.65 ,"$2,276.83 ","$1,222.49 ","$1,259.76 ",$17.16 
11/1/2014,$76.99 ,$4.10 ,$2.91 ,$4.62 ,$2.65 ,"$2,253.22 ","$1,175.33 ","$1,208.32 ",$15.97 
12/1/2014,$60.70 ,$3.43 ,$2.95 ,$4.34 ,$2.62 ,"$2,175.76 ","$1,200.62 ","$1,215.32 ",$16.30 
1/1/2015,$47.11 ,$2.97 ,$2.92 ,$4.19 ,$2.61 ,"$2,113.05 ","$1,250.75 ","$1,242.45 ",$17.24 
2/1/2015,$54.79 ,$2.85 ,$2.96 ,$3.94 ,$2.45 ,"$2,097.76 ","$1,227.08 ","$1,197.16 ",$16.79 
3/1/2015,$52.83 ,$2.80 ,$2.88 ,$3.54 ,$2.41 ,"$2,028.73 ","$1,178.63 ","$1,138.64 ",$16.24 
4/1/2015,$57.54 ,$2.58 ,$2.87 ,$3.62 ,$2.63 ,"$2,212.72 ","$1,198.93 ","$1,151.29 ",$16.34 
5/1/2015,$62.51 ,$2.84 ,$3.10 ,$3.49 ,$2.89 ,"$2,281.80 ","$1,198.63 ","$1,140.40 ",$16.83 
6/1/2015,$61.31 ,$2.77 ,$3.24 ,$3.52 ,$3.00 ,"$2,082.09 ","$1,181.50 ","$1,088.82 ",$16.08 
7/1/2015,$54.34 ,$2.83 ,$3.33 ,$3.41 ,$3.10 ,"$2,000.68 ","$1,128.31 ","$1,009.27 ",$15.05 
8/1/2015,$45.69 ,$2.76 ,$3.15 ,$3.46 ,$2.96 ,"$1,807.64 ","$1,117.93 ",$984.10 ,$14.94 
9/1/2015,$46.28 ,$2.65 ,$3.28 ,$3.22 ,$2.78 ,"$1,720.23 ","$1,124.77 ",$964.38 ,$14.75 
10/1/2015,$46.96 ,$2.32 ,$3.20 ,$3.38 ,$2.86 ,"$1,724.34 ","$1,159.25 ",$976.91 ,$15.81 
11/1/2015,$43.11 ,$2.08 ,$3.36 ,$3.26 ,$2.82 ,"$1,583.31 ","$1,086.44 ",$885.20 ,$14.45 
12/1/2015,$36.57 ,$1.92 ,$3.35 ,$3.28 ,$2.81 ,"$1,527.79 ","$1,075.74 ",$859.82 ,$14.13 
1/1/2016,$29.78 ,$2.27 ,$2.95 ,$3.20 ,$2.55 ,"$1,520.36 ","$1,097.91 ",$855.25 ,$14.11 
2/1/2016,$31.03 ,$1.96 ,$2.92 ,$3.26 ,$2.35 ,"$1,709.85 ","$1,199.50 ",$919.35 ,$15.17 
3/1/2016,$37.34 ,$1.70 ,$3.07 ,$3.47 ,$2.31 ,"$1,801.69 ","$1,245.14 ",$967.73 ,$15.47 
4/1/2016,$40.75 ,$1.90 ,$3.08 ,$3.40 ,$2.54 ,"$1,855.37 ","$1,242.26 ",$994.19 ,$16.36 
5/1/2016,$45.94 ,$1.92 ,$3.10 ,$3.42 ,$2.57 ,"$1,869.03 ","$1,260.95 ","$1,035.86 ",$16.95 
6/1/2016,$47.69 ,$2.57 ,$3.12 ,$3.65 ,$2.65 ,"$2,026.19 ","$1,276.40 ",$984.14 ,$17.29 
7/1/2016,$44.13 ,$2.79 ,$3.05 ,$3.79 ,$2.77 ,"$2,183.25 ","$1,336.66 ","$1,087.50 ",$19.99 
8/1/2016,$44.88 ,$2.79 ,$3.03 ,$3.69 ,$2.78 ,"$2,279.14 ","$1,340.17 ","$1,121.65 ",$19.59 
9/1/2016,$45.04 ,$2.97 ,$2.88 ,$3.89 ,$2.79 ,"$2,292.31 ","$1,326.61 ","$1,046.71 ",$19.36 
10/1/2016,$49.29 ,$2.95 ,$2.71 ,$3.95 ,$2.89 ,"$2,311.50 ","$1,266.55 ",$959.14 ,$17.66 
11/1/2016,$45.26 ,$2.50 ,$2.48 ,$4.06 ,$3.03 ,"$2,566.20 ","$1,238.35 ",$955.14 ,$17.41 
12/1/2016,$52.62 ,$3.58 ,$2.30 ,$3.57 ,$2.98 ,"$2,664.81 ","$1,157.36 ",$918.38 ,$16.43 
1/1/2017,$53.59 ,$3.26 ,$2.19 ,$3.72 ,$3.04 ,"$2,714.80 ","$1,192.10 ",$971.15 ,$16.90 
2/1/2017,$54.35 ,$2.82 ,$2.03 ,$3.67 ,$2.96 ,"$2,845.55 ","$1,234.20 ","$1,007.63 ",$17.93 
3/1/2017,$50.90 ,$2.89 ,$2.06 ,$3.53 ,$2.87 ,"$2,776.88 ","$1,231.42 ",$962.87 ,$17.63 
4/1/2017,$52.16 ,$3.08 ,$1.96 ,$3.43 ,$3.03 ,"$2,614.92 ","$1,266.88 ",$960.84 ,$18.03 
5/1/2017,$49.89 ,$3.12 ,$1.98 ,$3.31 ,$3.20 ,"$2,590.21 ","$1,246.04 ",$930.27 ,$16.75 
6/1/2017,$46.17 ,$2.94 ,$2.00 ,$3.16 ,$3.24 ,"$2,573.40 ","$1,260.26 ",$930.73 ,$16.93 
7/1/2017,$47.66 ,$2.96 ,$1.99 ,$3.30 ,$3.23 ,"$2,787.19 ","$1,236.84 ",$918.90 ,$16.15 
8/1/2017,$49.94 ,$2.88 ,$1.99 ,$3.30 ,$3.26 ,"$2,980.73 ","$1,283.04 ",$972.70 ,$16.95 
9/1/2017,$52.95 ,$2.96 ,$2.00 ,$3.23 ,$3.28 ,"$3,116.86 ","$1,314.07 ",$964.10 ,$17.43 
10/1/2017,$54.92 ,$2.86 ,$2.10 ,$3.10 ,$3.29 ,"$3,264.60 ","$1,279.51 ",$921.00 ,$16.94 
11/1/2017,$59.93 ,$2.99 ,$2.13 ,$3.11 ,$3.23 ,"$3,229.31 ","$1,281.90 ",$934.05 ,$16.98 
12/1/2017,$61.19 ,$2.76 ,$1.92 ,$3.03 ,$3.13 ,"$3,195.95 ","$1,264.45 ",$907.20 ,$16.17 
1/1/2018,$66.23 ,$3.86 ,$1.95 ,$3.06 ,$3.10 ,"$3,441.52 ","$1,331.30 ",$990.12 ,$17.13 
2/1/2018,$63.46 ,$2.67 ,$2.12 ,$3.00 ,$3.00 ,"$3,532.90 ","$1,330.73 ",$987.26 ,$16.58 
3/1/2018,$64.17 ,$2.70 ,$2.50 ,$2.98 ,$2.84 ,"$3,269.18 ","$1,324.66 ",$954.57 ,$16.47 
4/1/2018,$68.79 ,$2.78 ,$2.62 ,$2.96 ,$2.95 ,"$3,188.05 ","$1,334.76 ",$924.05 ,$16.65 
5/1/2018,$73.43 ,$2.80 ,$2.66 ,$2.99 ,$3.02 ,"$3,059.87 ","$1,303.45 ",$904.73 ,$16.49 
6/1/2018,$71.98 ,$2.95 ,$2.41 ,$2.95 ,$2.87 ,"$3,088.57 ","$1,281.57 ",$884.90 ,$16.54 
7/1/2018,$72.67 ,$2.83 ,$2.36 ,$2.88 ,$2.89 ,"$2,656.13 ","$1,237.71 ",$832.00 ,$15.72 
8/1/2018,$71.08 ,$2.96 ,$2.17 ,$2.76 ,$2.77 ,"$2,512.00 ","$1,201.71 ",$804.91 ,$14.99 
9/1/2018,$75.36 ,$2.98 ,$2.19 ,$2.67 ,$2.67 ,"$2,434.68 ","$1,198.39 ",$804.79 ,$14.27 
10/1/2018,$76.73 ,$3.28 ,$2.13 ,$3.03 ,$2.74 ,"$2,673.67 ","$1,215.39 ",$829.87 ,$14.60 
11/1/2018,$62.32 ,$4.13 ,$2.19 ,$3.02 ,$2.70 ,"$2,595.69 ","$1,220.65 ",$846.19 ,$14.35 
12/1/2018,$53.96 ,$3.98 ,$2.21 ,$2.80 ,$2.62 ,"$2,616.29 ","$1,250.40 ",$791.16 ,$14.77 
1/1/2019,$56.58 ,$3.08 ,$2.26 ,$2.83 ,$2.54 ,"$2,569.70 ","$1,291.75 ",$806.77 ,$15.62 
2/1/2019,$61.13 ,$2.72 ,$2.26 ,$2.83 ,$2.38 ,"$2,707.19 ","$1,320.07 ",$818.15 ,$15.82 
3/1/2019,$63.79 ,$2.94 ,$2.20 ,$2.73 ,$2.38 ,"$2,850.60 ","$1,300.90 ",$842.81 ,$15.30 
4/1/2019,$68.58 ,$2.65 ,$2.33 ,$2.67 ,$2.65 ,"$2,932.65 ","$1,285.91 ",$887.29 ,$15.06 
5/1/2019,$66.83 ,$2.63 ,$2.32 ,$2.66 ,$2.73 ,"$2,742.81 ","$1,283.70 ",$833.55 ,$14.66 
6/1/2019,$59.76 ,$2.40 ,$2.41 ,$2.86 ,$2.56 ,"$2,601.22 ","$1,359.04 ",$808.20 ,$15.04 
7/1/2019,$61.48 ,$2.36 ,$2.42 ,$2.99 ,$2.58 ,"$2,446.51 ","$1,412.89 ",$843.95 ,$15.79 
8/1/2019,$57.67 ,$2.22 ,$2.19 ,$2.78 ,$2.63 ,"$2,273.01 ","$1,500.41 ",$859.14 ,$17.22 
9/1/2019,$60.04 ,$2.58 ,$2.31 ,$2.84 ,$2.54 ,"$2,331.56 ","$1,510.58 ",$944.70 ,$18.16 
10/1/2019,$57.27 ,$2.33 ,$2.44 ,$2.80 ,$2.58 ,"$2,451.65 ","$1,494.81 ",$897.26 ,$17.65 
11/1/2019,$60.40 ,$2.65 ,$2.52 ,$3.11 ,$2.61 ,"$2,425.48 ","$1,470.79 ",$901.80 ,$17.17 
12/1/2019,$63.35 ,$2.24 ,$2.44 ,$3.46 ,$2.57 ,"$2,272.54 ","$1,479.13 ",$924.25 ,$17.14 
1/1/2020,$61.63 ,$2.03 ,$2.60 ,$3.13 ,$2.51 ,"$2,354.31 ","$1,560.67 ",$987.36 ,$17.97 
2/1/2020,$53.35 ,$1.92 ,$2.72 ,$2.99 ,$2.36 ,"$2,113.24 ","$1,597.10 ",$961.10 ,$17.88 
3/1/2020,$32.20 ,$1.79 ,$2.34 ,$3.27 ,$2.13 ,"$1,903.63 ","$1,591.93 ",$759.00 ,$14.88 
4/1/2020,$21.04 ,$1.74 ,$2.27 ,$3.41 ,$2.36 ,"$1,903.37 ","$1,683.17 ",$753.86 ,$15.07 
5/1/2020,$30.38 ,$1.75 ,$2.32 ,$3.30 ,$2.51 ,"$1,975.32 ","$1,715.91 ",$790.22 ,$16.26 
6/1/2020,$39.46 ,$1.61 ,$2.23 ,$3.12 ,$2.84 ,"$2,025.71 ","$1,732.22 ",$820.77 ,$17.71 
7/1/2020,$42.07 ,$1.74 ,$2.10 ,$3.24 ,$3.04 ,"$2,177.20 ","$1,846.51 ",$864.64 ,$20.65 
8/1/2020,$43.44 ,$2.30 ,$2.35 ,$3.60 ,$3.15 ,"$2,410.05 ","$1,968.63 ",$940.33 ,$27.00 
9/1/2020,$40.60 ,$1.92 ,$2.46 ,$3.67 ,$3.08 ,"$2,442.46 ","$1,921.92 ",$907.62 ,$25.74 
10/1/2020,$39.90 ,$2.25 ,$2.29 ,$3.35 ,$3.00 ,"$2,440.65 ","$1,900.27 ",$876.27 ,$24.23 
11/1/2020,$42.30 ,$2.59 ,$2.36 ,$3.32 ,$2.78 ,"$2,671.60 ","$1,866.30 ",$911.55 ,$24.08 
12/1/2020,$48.73 ,$2.54 ,$2.41 ,$3.48 ,$2.65 ,"$2,779.85 ","$1,858.42 ","$1,028.00 ",$24.97 
1/1/2021,$53.60 ,$2.67 ,$2.39 ,$3.54 ,$2.68 ,"$2,705.34 ","$1,866.98 ","$1,090.95 ",$25.88 
2/1/2021,$60.46 ,$5.07 ,$2.41 ,$3.67 ,$2.56 ,"$2,744.50 ","$1,808.17 ","$1,206.70 ",$27.29 
3/1/2021,$63.83 ,$2.56 ,$2.46 ,$3.68 ,$2.43 ,"$2,791.94 ","$1,718.23 ","$1,181.00 ",$25.65 
4/1/2021,$62.95 ,$2.61 ,$2.37 ,$3.72 ,$2.67 ,"$2,829.01 ","$1,760.04 ","$1,208.81 ",$25.69 
5/1/2021,$66.40 ,$2.89 ,$2.41 ,$4.11 ,$2.71 ,"$2,965.73 ","$1,850.26 ","$1,214.00 ",$27.50 
6/1/2021,$71.80 ,$3.23 ,$2.37 ,$4.24 ,$2.70 ,"$2,951.85 ","$1,834.57 ","$1,124.00 ",$27.00 
7/1/2021,$73.28 ,$3.80 ,$2.33 ,$4.50 ,$2.65 ,"$2,947.52 ","$1,807.84 ","$1,086.48 ",$25.68 
8/1/2021,$68.87 ,$4.05 ,$2.48 ,$4.77 ,$2.72 ,"$2,987.95 ","$1,785.28 ","$1,008.73 ",$23.99 
9/1/2021,$72.80 ,$5.11 ,$2.56 ,$4.97 ,$2.73 ,"$3,036.02 ","$1,775.14 ",$973.19 ,$23.19 
10/1/2021,$82.06 ,$5.48 ,$2.57 ,$5.31 ,$2.78 ,"$3,359.91 ","$1,776.85 ","$1,017.10 ",$23.41 
11/1/2021,$79.92 ,$5.02 ,$2.39 ,$5.71 ,$2.83 ,"$3,311.27 ","$1,821.76 ","$1,038.05 ",$24.18 
12/1/2021,$72.87 ,$3.73 ,$2.38 ,$5.91 ,$2.82 ,"$3,399.21 ","$1,790.43 ",$944.59 ,$22.53 
1/1/2022,$83.92 ,$4.33 ,$2.47 ,$5.98 ,$2.86 ,"$3,599.14 ","$1,816.02 ",$994.15 ,$23.16 
2/1/2022,$93.54 ,$4.66 ,$2.55 ,$6.17 ,$2.79 ,"$3,620.04 ","$1,856.30 ","$1,049.40 ",$23.54 
3/1/2022,$112.40 ,$4.88 ,$2.46 ,$5.70 ,$2.61 ,"$3,962.21 ","$1,947.83 ","$1,043.26 ",$25.31 
4/1/2022,$103.41 ,$6.53 ,$2.46 ,$5.85 ,$3.24 ,"$4,360.43 ","$1,936.86 ",$965.00 ,$24.55 
5/1/2022,$110.10 ,$8.14 ,$2.37 ,$5.74 ,$2.99 ,"$3,751.48 ","$1,848.50 ",$958.38 ,$21.91 
6/1/2022,$116.80 ,$7.67 ,$2.32 ,$6.03 ,$2.96 ,"$3,629.73 ","$1,836.57 ",$956.59 ,$21.56 
7/1/2022,$105.08 ,$7.26 ,$2.24 ,$5.64 ,$3.31 ,"$3,105.36 ","$1,732.74 ",$869.25 ,$19.08 
8/1/2022,$95.97 ,$8.79 ,$2.32 ,$5.92 ,$3.37 ,"$3,587.57 ","$1,764.56 ",$908.65 ,$19.72 
9/1/2022,$88.22 ,$7.76 ,$2.30 ,$5.90 ,$3.33 ,"$3,124.97 ","$1,680.78 ",$881.24 ,$18.94 
10/1/2022,$90.33 ,$5.62 ,$2.31 ,$5.29 ,$3.15 ,"$2,967.21 ","$1,664.45 ",$914.67 ,$19.43 
11/1/2022,$87.38 ,$5.28 ,$2.41 ,$4.72 ,$3.05 ,"$2,938.92 ","$1,725.07 ",$989.05 ,$21.02 
12/1/2022,$78.07 ,$5.50 ,$2.51 ,$4.63 ,$2.95 ,"$3,129.48 ","$1,797.55 ","$1,010.95 ",$23.33 
1/1/2023,$80.41 ,$3.27 ,$2.62 ,$4.56 ,$2.77 ,"$3,309.81 ","$1,897.71 ","$1,053.25 ",$23.65 
2/1/2023,$80.25 ,$2.38 ,$2.65 ,$5.06 ,$2.70 ,"$3,133.84 ","$1,854.54 ",$958.85 ,$21.92 
3/1/2023,$76.47 ,$2.30 ,$2.75 ,$4.90 ,$2.70 ,"$2,967.46 ","$1,912.73 ",$970.61 ,$21.98 
